CustomerNr,IsChurned,FleetSize,PriorityCustomer,Balance,LifetimeYears,AverageTurnover,TailsOnPPS,TailsFlightWatchTerrestrial,TailsFlightWatchSatellite,TailsNotamMonitoring,DaysSinceLastInvoice,AvgDaysBetweenInvoices,InvoiceTrend,PPSInvoiceCount,OCInvoiceCount,ActiveProgramCount,AvgLineAmount
NULL,0,0,0,0,2.41876883328088,0,0,0,0,0,,0,,,,,0
NULL,1,0,0,0,,,0,0,0,0,,0,,,,,0
NULL,1,0,0,0,,,0,0,0,0,,0,,,,,0
NULL,0,0,0,0,,,0,0,0,0,,0,,,,,0
NULL,0,0,0,0,2.418768833282493,0,0,0,0,0,,0,,,,,0
NULL,1,0,0,0,,,0,0,0,0,,0,,,,,0
NULL,0,0,0,0,2.473525849025322,0,0,0,0,0,,0,,,,,0
NULL,0,0,0,0,,,0,0,0,0,,0,,,,,0
NULL,0,0,0,0,5.8848879297921295,0,0,0,0,0,,0,,,,,0
NULL,1,0,0,0,,,0,0,0,0,,0,,,,,0
NULL,0,0,0,0,0.9540186621673986,0,0,0,0,0,,0,,,,,0
NULL,0,0,0,0,5.994401961277731,0,0,0,0,0,,0,,,,,0
NULL,0,0,1,0,1.0881733507371252,0,0,0,0,0,,0,,,,,0
NULL,0,0,2,0,2.4105552809220443,0,0,0,0,0,,0,,,,,0
NULL,0,0,0,0,2.4187688332836905,0,0,0,0,0,,0,,,,,0
NULL,0,0,0,0,0.24765315908805804,0,0,0,0,0,,0,,,,,0
NULL,1,0,0,0,,,0,0,0,0,,0,,,,,0
NULL,0,0,0,0,0.09707136579597943,0,0,0,0,0,,0,,,,,0
NULL,0,0,0,0,0.09707136579608716,0,0,0,0,0,,0,,,,,0
NULL,0,0,0,0,,,0,0,0,0,,0,,,,,0
NULL,0,0,0,0,0.9129509003616656,0,0,0,0,0,,0,,,,,0
NULL,0,0,0,0,,,0,0,0,0,,0,,,,,0
NULL,0,0,0,0,2.410555280923118,0,0,0,0,0,,0,,,,,0
NULL,1,0,0,0,,,0,0,0,0,,0,,,,,0
NULL,0,0,0,0,0.8116504212381487,0,0,0,0,0,,0,,,,,0
NULL,0,0,0,0,,,0,0,0,0,,0,,,,,0
NULL,1,0,0,0,,,0,0,0,0,,0,,,,,0
NULL,0,0,0,0,1.6083650002940846,0,0,0,0,0,,0,,,,,0
NULL,1,0,0,0,,,0,0,0,0,,0,,,,,0
NULL,1,0,0,0,,,0,0,0,0,,0,,,,,0
NULL,1,0,0,0,,,0,0,0,0,,0,,,,,0
NULL,1,0,0,0,,,0,0,0,0,,0,,,,,0
NULL,0,0,0,0,2.4105552809242656,0,0,0,0,0,,0,,,,,0
NULL,0,0,0,0,11.691869449302194,0,0,0,0,0,,0,,,,,0
NULL,1,0,0,0,,,0,0,0,0,,0,,,,,0
NULL,0,0,0,0,2.744573076954667,0,0,0,0,0,,0,,,,,0
NULL,1,0,0,0,,,0,0,0,0,,0,,,,,0
NULL,1,0,0,0,,,0,0,0,0,,0,,,,,0
NULL,1,0,0,0,,,0,0,0,0,,0,,,,,0
NULL,0,0,0,0,2.4187688332862733,0,0,0,0,0,,0,,,,,0
NULL,1,0,0,0,,,0,0,0,0,,0,,,,,0
NULL,0,0,0,0,6.1614108592960335,0,0,0,0,0,,0,,,,,0
NULL,0,0,0,0,,,0,0,0,0,,0,,,,,0
NULL,0,0,0,0,1.1648331727801322,0,0,0,0,0,,0,,,,,0
NULL,1,0,0,0,,,0,0,0,0,,0,,,,,0
NULL,0,0,0,0,5.342793473943918,0,0,0,0,0,,0,,,,,0
NULL,0,0,3,0,2.418768833286977,0,0,0,0,0,,0,,,,,0
NULL,0,0,0,0,,,0,0,0,0,,0,,,,,0
NULL,0,0,0,0,,,0,0,0,0,,0,,,,,0
NULL,0,0,0,0,0.8143882720278444,0,0,0,0,0,,0,,,,,0
NULL,0,0,0,0,,,0,0,0,0,,0,,,,,0
NULL,1,0,0,0,,,0,0,0,0,,0,,,,,0
NULL,1,0,0,0,,,0,0,0,0,,0,,,,,0
NULL,0,0,0,0,2.4187688332876456,0,0,0,0,0,,0,,,,,0
NULL,0,0,0,0,,,0,0,0,0,,0,,,,,0
NULL,0,0,0,0,2.418768833287867,0,0,0,0,0,,0,,,,,0
NULL,1,0,0,0,,,0,0,0,0,,0,,,,,0
NULL,0,0,3,0,2.418768833288273,0,0,0,0,0,,0,,,,,0
NULL,0,0,0,0,1.9916641104957853,0,0,0,0,0,,0,,,,,0
NULL,0,0,0,0,0.2613424130284179,0,0,0,0,0,,0,,,,,0
NULL,1,0,0,0,,,0,0,0,0,,0,,,,,0
NULL,0,0,0,0,0.8143882720293558,0,0,0,0,0,,0,,,,,0
NULL,0,0,3,0,0.0943335150137368,0,0,0,0,0,,0,,,,,0
NULL,0,0,0,0,0.5104868346579302,0,0,0,0,0,,0,,,,,0
NULL,0,0,0,0,,,0,0,0,0,,0,,,,,0
NULL,0,0,0,0,2.4105552809278525,0,0,0,0,0,,0,,,,,0
NULL,1,0,0,0,,,0,0,0,0,,0,,,,,0
NULL,0,0,3,0,1.192211680654264,0,0,0,0,0,,0,,,,,0
NULL,1,0,0,0,,,0,0,0,0,,0,,,,,0
NULL,0,0,0,0,3.995770886677726,0,0,0,0,0,,0,,,,,0
NULL,0,0,2,0,0.24765315909400587,0,0,0,0,0,,0,,,,,0
NULL,1,0,0,0,,,0,0,0,0,,0,,,,,0
NULL,0,0,0,0,2.4187688332899935,0,0,0,0,0,,0,,,,,0
NULL,0,0,0,0,0.15730408311899194,0,0,0,0,0,,0,,,,,0
NULL,0,0,0,0,2.418768833290234,0,0,0,0,0,,0,,,,,0
NULL,0,0,3,0,2.418768833290361,0,0,0,0,0,,0,,,,,0
NULL,0,0,3,0,2.4187688332904753,0,0,0,0,0,,0,,,,,0
NULL,0,0,0,0,,,0,0,0,0,,0,,,,,0
NULL,1,0,0,0,,,0,0,0,0,,0,,,,,0
NULL,1,0,0,0,,,0,0,0,0,,0,,,,,0
NULL,0,0,0,0,,,0,0,0,0,,0,,,,,0
NULL,0,0,0,0,,,0,0,0,0,,0,,,,,0
NULL,0,0,0,0,,,0,0,0,0,,0,,,,,0
NULL,0,0,3,0,2.4187688332910997,0,0,0,0,0,,0,,,,,0
NULL,0,0,0,0,4.138139127610174,0,0,0,0,0,,0,,,,,0
NULL,0,0,0,0,,,0,0,0,0,,0,,,,,0
NULL,0,0,3,0,2.4187688332914195,0,0,0,0,0,,0,,,,,0
NULL,0,0,0,0,2.4187688332915336,0,0,0,0,0,,0,,,,,0
NULL,0,0,0,0,0.3106237271999518,0,0,0,0,0,,0,,,,,0
NULL,0,0,0,0,,,0,0,0,0,,0,,,,,0
NULL,1,0,0,0,,,0,0,0,0,,0,,,,,0
NULL,1,0,0,0,,,0,0,0,0,,0,,,,,0
NULL,0,0,0,0,2.410555280930714,0,0,0,0,0,,0,,,,,0
NULL,1,0,0,0,,,0,0,0,0,,0,,,,,0
NULL,0,0,0,0,1.7753738983163072,0,0,0,0,0,,0,,,,,0
NULL,0,0,0,0,,,0,0,0,0,,0,,,,,0
NULL,0,0,0,0,0.2476531590967976,0,0,0,0,0,,0,,,,,0
NULL,1,0,0,0,,,0,0,0,0,,0,,,,,0
NULL,0,0,0,0,,,0,0,0,0,,0,,,,,0
NULL,0,0,0,0,0.3626428921566564,0,0,0,0,0,,0,,,,,0
NULL,0,0,0,0,,,0,0,0,0,,0,,,,,0
NULL,0,0,0,0,2.435195938015853,0,0,0,0,0,,0,,,,,0
NULL,0,0,0,0,0.157304083122072,0,0,0,0,0,,0,,,,,0
NULL,0,0,0,0,1.4030261912672986,0,0,0,0,0,,0,,,,,0
NULL,0,0,0,0,,,0,0,0,0,,0,,,,,0
NULL,0,0,0,0,,,0,0,0,0,,0,,,,,0
NULL,0,0,0,0,,,0,0,0,0,,0,,,,,0
NULL,0,0,0,0,,,0,0,0,0,,0,,,,,0
NULL,1,0,0,0,,,0,0,0,0,,0,,,,,0
NULL,0,0,3,0,2.4187688332938437,0,0,0,0,0,,0,,,,,0
NULL,0,0,0,0,,,0,0,0,0,,0,,,,,0
NULL,1,0,0,0,,,0,0,0,0,,0,,,,,0
COM11002,0,4,2,0,22.41329313171986,355538.23666666663,3,0,0,0,32,2921,-13,796,0,4,303846
COM11003,0,1,3,2519,29.246968696401815,195675.16666666666,1,0,0,0,1,2875,0,459,0,5,254144
COM11005,0,6,2,0,28.658330777168604,126493.85888888889,5,0,0,0,1,3023,-2,507,0,2,166671
COM11007,0,82,1,36569,3.4290357737464827,262801.7814510613,0,95,0,0,1,3046,-4,0,102,3,989053
COM11008,1,5,0,0,27.83025325119781,115691.20333333332,0,0,0,0,305,31200,-8,99,0,1,1051738
COM11012,0,13,2,0,28.162779784698255,162285.9311111111,13,14,0,0,32,5489,28,119,92,5,827353
COM11015,0,32,1,0,36.82807752597155,478168.94222222216,20,27,17,0,1,2814,-10,911,262,8,293731
COM11017,0,0,0,0,,,0,0,0,0,2192,2991,0,90,0,2,117856
COM11018,0,30,1,0,25.41397759441814,468632.5111111111,9,9,1,9,1,10847,-4,242,28,8,1054336
COM11021,0,0,2,0,19.74388861426775,435767.0033333333,0,0,0,0,63,8434,-7,196,0,4,1600883
COM11022,0,0,0,0,,,0,0,0,0,2681,2954,0,53,0,1,55275
COM11025,0,13,2,0,31.995770886684248,127874.35777777777,5,0,0,0,1,17463,7,202,0,3,471274
COM11034,0,4,2,24709,23.910897512283327,135641.7188888889,4,0,0,0,1,2875,1,478,60,7,170405
COM11035,1,7,0,0,30.82819986310746,108872.85222222221,0,0,0,0,0,3398,15,394,0,5,202272
COM11036,0,7,2,29443,23.248337621797663,335665.03222222225,7,0,0,0,32,4204,-26,1358,0,2,222001
COM11038,0,3,3,0,24.82807752597305,87043.64999999998,3,0,0,0,336,26564,-6,42,0,1,2012716
COM11039,0,2,3,0,30.246284233707673,97764.48444444446,2,2,0,0,1,7750,-4,159,63,7,251033
COM11044,0,0,0,0,34.82944645136698,23120.45666666667,0,0,0,0,1208,3203,0,143,0,2,110885
COM11045,0,0,0,0,,,0,0,0,0,2528,36500,0,30,0,1,82580
COM11046,0,0,0,0,,,0,0,0,0,3436,2400,0,8,0,1,89400
COM11050,0,0,0,0,,,0,0,0,0,3508,0,0,3,0,2,81382
COM11055,0,1,0,0,14.328419757322306,7415.3099999999995,0,0,0,0,910,21650,0,15,0,3,208556
COM11058,0,4,3,6487,31.659015239868673,61121.86666666667,3,3,0,0,32,11304,-11,100,40,5,270345
COM11059,0,0,0,0,,,0,0,0,0,2192,2924,0,103,0,3,160137
COM11063,0,0,0,0,22.16141085930769,39072.68555555555,0,0,0,0,1919,24350,0,44,0,1,808358
COM11064,0,0,0,0,,,0,0,0,0,2893,36500,0,16,0,1,805112
COM11070,0,0,0,0,2.2955655478774433,24836.951422588307,0,0,0,0,3312,700,0,6,0,2,712686
COM11072,1,23,1,0,32.14236824093087,289077.49333333335,0,0,0,0,73,27900,18,118,0,1,2212100
COM11073,0,0,0,0,,,0,0,0,0,3508,0,0,2,0,1,157940
COM11077,0,3,3,0,28.329788682717073,59485.48111111112,3,2,2,0,32,2997,-12,463,110,6,71634
COM11079,0,7,2,0,26.744573076967786,89726.53333333333,2,0,0,0,32,6390,8,264,0,5,254817
COM11082,1,4,3,0,11.293634496919918,73730.08888888889,3,0,0,0,17,2994,0,220,100,4,202308
COM11083,0,7,3,0,26.65969970256707,143615.39666666664,7,0,0,0,32,2921,-2,354,0,6,199783
COM11084,0,7,2,0,11.910897512286635,199843.85555555555,7,0,0,0,32,2947,-3,631,0,6,188592
COM11093,1,0,0,0,3.3347022587268995,108611.2377955665,0,0,0,0,609,2808,0,51,0,4,317707
COM11095,0,0,0,0,,,0,0,0,0,2742,2736,0,70,0,3,95922
COM11096,1,18,0,0,27.581108829568787,169507.5477777778,0,0,0,0,268,27488,-20,134,0,2,1068458
COM11098,0,0,0,0,,,0,0,0,0,3163,3744,0,48,0,2,543817
COM11099,0,0,0,0,,,0,0,0,0,3227,0,0,6,0,1,538511
COM11100,1,1,0,0,22.579055441478438,10231.537777777778,0,0,0,0,243,31963,-3,21,0,2,341051
COM11102,0,24,2,0,26.829446451370565,256007.7588888889,30,0,0,0,305,24608,-20,141,5,5,1321349
COM11103,0,8,3,-10836,31.91089751228797,152352.7111111111,4,8,2,0,185,6602,-30,65,124,6,608829
COM11109,0,0,0,0,,,0,0,0,0,2620,3358,0,47,0,1,728840
COM11120,0,0,0,0,,,0,0,0,0,,0,,,,,0
COM11121,0,0,0,0,11.415346519817453,165173.15555555554,0,0,0,0,2345,1876,0,267,0,2,418875
COM11124,1,1,0,0,29.16084873374401,25666.65888888889,0,0,0,0,0,3015,6,176,0,5,61930
COM11125,1,2,0,0,18.04791238877481,62947.631111111106,0,0,0,0,18,2988,0,265,39,3,141615
COM11127,0,3,3,0,29.742519688880208,96840.35555555556,3,0,0,0,32,3435,-12,569,65,4,103128
COM11128,0,8,3,12022,23.910897512289036,101304.46888888889,7,0,0,0,1,3008,1,366,0,3,171881
COM11129,0,1,3,0,34.58030202974303,32421.047777777778,1,0,0,0,63,14105,0,88,0,3,175845
COM11136,0,0,0,0,,,0,0,0,0,3303,0,0,0,0,1,901659
COM11137,0,0,0,0,,,0,0,0,0,3046,18250,0,39,0,1,1794269
COM11138,1,0,0,0,4.777549623545517,240618.17052292262,0,0,0,0,11,3202,-1,445,0,4,179324
COM11139,0,0,0,0,27.99577088669094,38900.20333333333,0,0,0,0,2070,7347,0,87,0,2,299232
COM11140,0,21,1,0,28.247653159107283,578782.4522222221,21,23,0,0,63,30436,17,147,10,6,3446528
COM11147,0,0,0,0,,,0,0,0,0,2985,2875,0,59,0,3,201066
COM11151,0,0,0,0,,,0,0,0,0,3350,0,0,10,0,1,417278
COM11152,0,8,2,0,35.82876198867656,126368.2588888889,6,2,0,0,32,3023,-12,481,182,6,132394
COM11155,0,32,1,58566,28.74320415157885,341400.1922222222,36,0,0,0,32,2849,-8,574,0,7,329959
COM11161,0,11,3,0,31.24833762180489,141216.58444444448,6,0,0,0,32,10559,-2,144,4,5,799944
COM11171,0,0,0,0,,,0,0,0,0,2620,2865,0,75,0,3,226980
COM11178,0,0,0,0,,,0,0,0,0,,0,,,,,0
COM11181,0,7,2,0,35.82876198867726,154884.89444444442,5,5,0,0,32,3507,-4,418,40,5,260426
COM11182,0,0,0,0,27.330473145419376,0,0,0,0,0,,0,,,,,0
COM11189,1,0,0,0,24.813141683778234,142871.15777777776,0,0,0,0,1401,39600,0,64,1,4,1858719
COM11190,0,5,1,0,22.91158197498841,933381.7777777778,6,1,4,0,368,13762,0,165,10,8,3196941
COM11192,0,0,0,0,,,0,0,0,0,3466,2100,0,6,0,2,79467
COM11193,0,4,3,0,28.995086423996234,123688.48222222223,4,5,0,0,32,4442,-7,522,106,5,153488
COM11196,0,5,2,8831,24.828077525981346,124116.2588888889,5,0,0,0,32,3501,-11,404,81,7,115013
COM11201,0,0,0,0,,,0,0,0,0,3457,0,0,2,0,2,510600
COM11201,0,0,0,0,,,0,0,0,0,3457,0,0,2,0,2,510600
COM11204,0,8,2,38608,31.995770886693577,204561.66444444444,8,8,0,0,32,2873,-12,316,120,7,230939
COM11206,0,8,3,0,32.077906410307705,161187.85777777777,7,0,0,0,32,4307,-5,253,54,7,256645
COM11209,1,0,0,0,15.983572895277208,550175.0966666667,0,0,0,0,360,4628,-1,164,0,3,2181311
COM11219,0,0,0,0,21.65764631448324,31228.965555555555,0,0,0,0,1889,3964,0,126,6,3,152607
COM11220,0,11,2,0,21.580986492443703,147516.0811111111,11,0,0,0,244,29220,-13,79,5,3,1374282
COM11223,0,0,0,0,11.415346519822375,0,0,0,0,0,,0,,,,,0
COM11224,1,0,0,0,9.86447638603696,40721.18111111111,0,0,0,0,13,3023,0,269,0,4,114168
COM11228,1,0,0,0,10.420260095824778,36735.98222222223,0,0,0,0,2,2865,0,191,0,4,111321
COM11230,0,0,0,0,,,0,0,0,0,2192,3067,0,12,0,3,31660
COM11231,0,0,0,0,,,0,0,0,0,1972,0,0,1,0,1,0
COM11236,1,0,0,0,13.166324435318275,66998.93,0,0,0,0,32,2966,-4,198,0,3,193266
COM11255,0,2,0,16620,13.909528586900484,76851.06333333332,1,0,0,0,32,2897,-6,418,0,2,159237
COM11259,1,1,0,0,14.43668720054757,49981.60111111111,0,0,0,0,68,9080,0,88,0,1,511176
COM11272,0,0,0,0,,,0,0,0,0,2467,2739,0,145,0,4,172019
COM11288,0,0,0,0,,,0,0,0,0,,0,,,,,0
COM11297,1,5,3,0,19.811088295687885,122026.99111111116,5,0,0,0,24,3022,0,321,0,2,256599
COM11305,0,0,0,0,,,0,0,0,0,2315,2485,0,281,0,4,607279
COM11312,1,3,3,0,5.579739904175223,55697.814833169774,0,0,0,0,0,2963,10,121,0,3,121834
COM11314,0,10,0,5026,20.414662057127252,283811.4711111111,10,0,0,0,1,10020,37,283,0,3,963373
COM11319,1,0,0,0,18.48596851471595,40972.06333333334,0,0,0,0,27,3019,0,212,0,1,173938
COM11327,0,7,2,23477,19.74388861428019,202050.65555555554,6,5,0,0,32,2997,-5,595,7,8,231582
COM11328,0,0,0,0,16.91021304959862,68760.22555555556,0,0,0,0,63,9100,-4,153,0,1,424258
COM11331,0,0,0,0,17.496113118045045,302408.1388888889,0,0,0,0,32,2311,14,716,61,7,324842
COM11332,1,0,0,0,,,0,0,0,0,444,2986,0,84,0,1,425808
COM11333,0,0,0,0,,,0,0,0,0,2650,19025,0,16,0,2,140060
COM11340,1,0,0,0,3.8357289527720737,0,0,0,0,0,,0,,,,,0
COM11343,0,30,2,61085,20.65833077718311,246695.63333333336,28,0,0,0,1,3115,6,437,0,2,381478
COM11345,1,17,2,0,12.334017796030116,396222.3122222222,10,0,0,0,0,2860,0,505,58,3,533175
COM11350,0,0,3,0,19.99577088669745,64642.38333333333,0,0,0,0,63,8231,-4,176,0,2,326941
COM11363,0,0,0,0,19.910897512296515,59679.26777777778,0,0,0,0,63,8642,-4,160,0,3,339177
COM11368,0,3,2,10117,19.91089751229668,108341.7,2,3,0,0,32,2997,-10,463,216,6,121611
COM11386,0,35,1,0,19.248337621810872,591153.8511111111,35,37,0,0,32,4277,-12,332,141,6,729812
COM11391,1,2,0,0,16.427104722792606,77370.90666666668,0,0,0,0,4,6871,0,121,0,4,325822
COM11394,1,6,3,0,18.830937713894592,123690.14111111111,8,0,0,0,0,2867,1,536,88,4,143259
COM11404,0,12,3,0,18.580302029751458,124501.59999999999,12,0,0,0,244,32467,-13,113,0,2,918454
COM11411,1,2,0,0,17.587953456536617,34617.57888888889,0,0,0,0,3,2958,0,371,0,2,56669
COM11413,0,50,2,29202,3.103231530094015,228193.5405504665,0,55,5,0,1,3044,-7,0,87,4,678348
COM11416,1,0,0,0,13.681040383299111,38540.46777777778,0,0,0,0,6,7900,0,105,0,3,242562
COM11417,1,5,0,0,2.4476386036960984,218609.25840604026,0,0,0,0,0,3725,12,49,0,3,394666
COM11423,0,10,3,0,19.163464247411362,93950.34555555557,4,4,0,0,1,2898,-5,256,74,4,192268
COM11424,0,0,0,0,,,0,0,0,0,,0,,,,,0
COM11427,0,41,2,40372,18.911581974995453,545260.6211111111,34,37,0,0,32,4335,-133,2479,69,5,191928
COM11438,0,12,2,0,18.996455349396733,275414.78777777776,11,0,0,0,1,5624,4,282,0,4,501598
COM11440,0,18,0,0,18.911581974995798,331476.2322222222,22,0,0,0,127,19763,-44,251,0,2,1122797
COM11452,0,10,2,0,13.827393063291648,249611.97777777776,11,0,0,0,63,7680,-5,107,0,4,1106795
COM11466,0,15,2,0,18.580302029753142,258155.15333333332,15,0,0,0,32,3025,-5,356,0,2,425500
COM11469,0,1,2,27776,14.413293131738245,398409.1177777778,2,0,0,1,32,2381,-22,1109,25,7,241471
COM11482,0,0,0,0,,,0,0,0,0,,0,,,,,0
COM11488,0,19,1,18316,18.076537484921253,168513.07111111112,18,19,0,0,32,2997,-14,234,90,9,195557
COM11494,0,1,1,22992,18.413293131738666,491801.0355555556,1,0,0,0,32,2768,-9,906,63,8,304848
COM11502,1,9,2,0,18.080766598220396,173117.94444444444,9,0,0,0,0,2997,1,459,60,6,196867
COM11507,1,0,0,0,13.073237508555783,113010.45555555557,0,0,0,0,271,16000,-3,42,0,2,2164030
COM11518,1,20,1,112152,19.994524298425734,784728.9577777779,19,0,0,0,1917,4861,0,368,0,4,1106714
COM11526,0,0,0,0,,,0,0,0,0,2284,2985,0,87,0,2,94046
COM11538,1,1,0,0,4.465434633812457,19127.11684396076,0,0,0,0,1236,38800,0,21,0,1,761493
COM11550,0,0,0,0,,,0,0,0,0,3350,0,0,10,0,2,581439
COM11555,0,0,0,0,,,0,0,0,0,2315,2774,0,235,0,3,166869
COM11556,0,0,3,0,17.6247921050457,41178.51222222222,0,0,0,0,63,9097,-4,156,0,1,254184
COM11571,0,0,3,4269,17.994401961308693,70825.69888888889,0,0,0,0,32,4152,-8,257,0,4,191800
COM11573,0,2,3,0,18.16141085932391,30586.09888888889,1,1,0,0,63,8592,1,100,50,3,194829
COM11576,0,0,0,0,,,0,0,0,0,3007,2783,0,38,0,4,103641
COM11595,0,17,2,0,17.16209532202098,393748.5111111111,19,0,0,0,63,13821,37,198,0,4,2078889
COM11596,0,0,0,0,,,0,0,0,0,3408,2500,0,10,0,4,95138
COM11611,0,0,0,0,,,0,0,0,0,,0,,,,,0
COM11617,0,0,0,0,,,0,0,0,0,2711,8989,0,39,0,1,397152
COM11619,0,0,0,0,10.561137074245938,37699.91777777778,0,0,0,0,1889,2998,0,166,6,5,125306
COM11622,0,5,3,5678,14.161410859324812,64179.084444444445,3,0,0,0,32,3023,-4,281,0,2,159075
COM11626,0,0,0,0,,,0,0,0,0,2893,2929,0,88,0,2,156483
COM11637,1,1,0,0,12.936344969199178,44385.68111111111,0,0,0,0,9,2738,-1,231,0,2,155955
COM11650,0,3,0,18585,13.909528586909087,128546.08777777778,3,0,0,0,32,2971,-5,353,0,3,260479
COM11653,0,20,1,55712,16.743204151590973,885335.1133333334,11,11,0,13,32,2921,-15,514,144,9,837027
COM11655,1,1,0,0,15.288158795345653,9488.044444444446,0,0,0,0,1994,2986,0,93,0,1,91820
COM11664,0,0,0,0,,,0,0,0,0,3015,18250,0,36,0,1,528099
COM11665,0,0,0,0,,,0,0,0,0,,0,,,,,0
COM11680,0,1,1,6601,17.32910422003776,429436.9633333333,0,0,0,0,32,2873,-25,644,0,4,428137
COM11681,0,0,0,0,,,0,0,0,0,2711,0,0,5,0,3,396589
COM11682,0,0,0,0,5.32089066767662,0,0,0,0,0,,0,,,,,0
COM11707,0,0,0,0,,,0,0,0,0,2192,3217,0,89,0,2,181393
COM11712,0,0,0,0,,,0,0,0,0,2801,3306,0,50,0,3,334118
COM11714,0,0,0,0,,,0,0,0,0,3107,2400,0,22,0,1,85865
COM11724,0,0,0,0,15.91089751230404,246508.72111111114,0,0,0,0,32,4415,-3,367,0,5,400353
COM11742,1,0,0,0,11.668720054757015,101167.6211111111,0,0,0,0,2,2810,0,371,0,2,244732
COM11743,0,5,3,0,12.910213049607556,135379.52777777778,6,0,0,0,63,9066,0,115,0,4,720183
COM11744,0,0,0,0,,,0,0,0,0,2985,2906,0,110,0,2,221808
COM11770,0,0,0,0,16.828077525993855,57285.52777777778,0,0,0,0,63,8864,-4,196,0,1,283622
COM11777,0,0,0,0,,,0,0,0,0,3135,7420,0,25,0,1,1118752
COM11797,1,0,0,0,11.433264887063656,50832.97888888889,0,0,0,0,8,2830,-4,116,0,4,194864
COM11806,0,14,2,27124,15.24833762181905,366257.5711111111,14,0,0,0,32,3673,-7,735,0,6,367875
COM11812,0,8,3,0,11.659015239889028,34508.02,1,0,0,0,32,3023,-6,353,0,2,86927
COM11835,0,1,2,0,16.247653159122585,256786.51777777774,0,0,0,0,63,8864,2,130,0,1,1876801
COM11838,0,0,0,0,,,0,0,0,0,2681,3129,0,49,0,3,81002
COM11843,1,0,0,0,12.996577686516085,32589.72777777778,0,0,0,0,424,36520,0,50,2,2,564053
COM11854,0,15,3,0,14.996455349403634,109770.76666666666,2,0,0,0,63,5727,-1,168,0,3,489729
COM11856,0,0,0,0,,,0,0,0,0,2893,2929,0,66,0,2,150224
COM11859,1,1,0,0,11.863107460643395,59929.48333333333,0,0,0,0,12,3521,-18,156,0,6,142938
COM11861,0,0,0,0,20.077906410321226,0,0,0,0,0,,0,,,,,0
COM11865,0,22,1,53845,9.329104220040715,563566.7355555556,22,21,0,0,32,2985,-11,633,133,5,676336
COM11869,0,0,0,0,16.329788682737664,19178.92777777778,0,0,0,0,1889,9061,0,76,0,1,227119
COM11870,0,0,0,0,,,0,0,0,0,3165,8875,0,20,0,2,749504
COM11884,0,0,0,0,,,0,0,0,0,3258,0,0,18,0,1,1049610
COM11885,1,0,0,0,9.872689938398358,14414,0,0,0,0,15,36550,14,73,0,1,177707
COM11887,1,0,0,0,,,0,0,0,0,,0,,,,,0
COM11888,0,0,0,107347,12.8280775259963,324238.5266666666,0,0,0,0,32,2997,2,605,0,3,528318
COM11892,1,0,0,0,12.005475701574264,48490.79666666666,0,0,0,0,3,3011,0,154,0,1,283388
COM11898,1,3,0,0,17.749486652977414,59088.841111111105,0,0,0,0,335,23245,-16,135,10,2,366758
COM11902,0,3,3,3162,16.16277978472366,78942.32555555555,1,1,0,0,1,3023,-7,495,159,5,95755
COM11903,1,0,0,0,12.227241615331964,63987.958888888905,0,0,0,0,145,20289,15,79,2,3,674258
COM11909,0,0,0,0,16.41466205714012,32944.35333333333,0,0,0,0,2070,2615,0,145,0,2,192592
COM11910,0,60,0,0,,,0,0,0,0,,0,,,,,0
COM11934,0,1,3,0,11.995770886709142,89959.61555555556,1,0,0,0,32,2873,-5,387,0,4,142116
COM11939,0,0,0,315,14.413293131746961,39435.43222222223,0,0,0,0,32,3023,-2,232,0,1,165859
COM11941,0,0,2,0,,,0,0,0,0,,0,,,,,0
COM11950,0,0,0,0,,,0,0,0,0,3338,6067,0,12,0,2,695108
COM11974,0,0,0,0,,,0,0,0,0,3389,0,0,3,0,1,203757
COM11977,0,1,3,0,15.582355417852837,120188.07777777774,0,0,0,0,63,7202,-4,267,0,3,407211
COM11989,0,0,0,0,,,0,0,0,0,2254,9036,0,59,0,2,216758
COM11995,0,0,0,0,,,0,0,0,0,,0,,,,,0
COM11997,0,7,3,16930,15.497482043452088,61947.82555555556,7,0,0,0,32,3853,-3,447,0,2,120462
COM12003,0,1,2,0,16.247653159126447,135088.13777777777,1,0,0,0,32,6974,0,212,0,2,540980
COM12004,0,0,0,0,,,0,0,0,0,,0,,,,,0
COM12010,0,0,3,0,15.330473145437436,198280.0744444444,0,0,0,0,63,8456,3,184,0,2,833041
COM12017,0,0,2,0,15.330473145437592,293314.1111111111,0,0,0,0,63,8429,0,120,0,5,1187070
COM12024,1,2,0,0,11.101984941820671,49206.81111111111,0,0,0,0,8,2908,0,189,62,3,137360
COM12034,1,0,0,0,10.124572210814511,35117.02888888888,0,0,0,0,15,6100,-1,154,0,1,205229
COM12035,0,0,0,0,,,0,0,0,0,2497,3194,0,71,0,1,153463
COM12038,0,6,3,0,7.995770886711246,85640.30031651491,7,0,0,0,63,8317,0,109,0,2,718612
COM12041,0,0,0,0,,,0,0,0,0,3045,3800,0,30,0,2,608880
COM12052,1,1,0,0,11.748117727583846,37148.73222222223,0,0,0,0,0,2980,0,187,0,1,180660
COM12067,1,0,0,0,10.05886379192334,19601.094444444447,0,0,0,0,84,8579,0,77,0,1,229104
COM12072,0,2,3,0,15.582355417854862,57628.974444444444,2,2,0,0,32,4817,-7,164,80,5,134107
COM12083,0,2,2,0,3.434511475349897,19221.24892398973,0,3,0,0,32,5384,-6,42,96,6,49567
COM12084,0,2,1,0,9.909528586917482,55378.74444444444,1,1,0,0,185,12823,-6,87,2,5,358031
COM12088,1,0,0,0,5.127994524298426,80337.85684596901,0,0,0,0,20,2753,0,198,11,3,216997
COM12105,0,0,0,0,,,0,0,0,0,2345,9031,0,55,0,1,222777
COM12109,0,7,3,0,13.246968696431951,90872.44777777778,9,9,0,0,32,2921,-10,290,120,5,174147
COM12114,0,0,0,0,,,0,0,0,0,2954,2916,0,41,0,1,144541
COM12118,1,0,0,0,7.381245722108145,582039.1857613131,0,0,0,0,18,2651,-17,689,11,4,558864
COM12121,1,0,0,0,11.912388774811772,42600.79555555556,0,0,0,0,28,2972,0,192,0,1,201773
COM12152,0,0,0,0,,,0,0,0,0,3394,0,0,1,0,1,242125
COM12154,0,0,3,0,18.161410859334747,8544.269999999999,0,0,0,0,93,36522,1,10,0,1,885042
COM12174,0,0,0,0,13.077221947630587,19425.491111111114,0,0,0,0,2070,2996,0,136,11,5,64040
COM12180,1,0,0,0,10.004106776180699,11125.44,0,0,0,0,2,2998,0,110,0,1,91026
COM12181,0,1,3,88675,15.078590873024462,63439.85777777779,1,0,0,0,63,36522,17,157,0,2,394989
COM12182,0,0,0,0,,,0,0,0,0,2527,7617,0,225,0,3,686234
COM12185,1,0,0,0,13.166324435318275,38812.11555555555,0,0,0,0,92,8394,1,104,0,1,404645
COM12186,1,0,0,0,4.172484599589322,228823.62468011817,0,0,0,0,2,2856,-12,313,27,4,238666
COM12189,1,1,0,0,9.527720739219713,38920.60111111111,0,0,0,0,375,2700,0,150,0,1,237517
COM12207,0,0,3,0,14.607680537638446,8962.93,0,0,0,0,213,36211,-1,10,0,1,902545
COM12212,0,3,3,8532,14.744573076995215,46394.56888888888,2,0,0,0,63,8889,0,155,0,1,280395
COM12225,0,3,3,0,14.328419757351297,79101.60777777777,3,3,0,0,32,2921,-5,261,0,4,214206
COM12231,0,0,0,0,,,0,0,0,0,2399,0,0,1,0,1,896772
COM12235,1,0,0,0,4.673511293634497,50517.48571177505,0,0,0,0,9,3070,-9,176,0,1,134144
COM12245,0,18,1,102607,7.9957708867151815,467211.52630909055,21,18,14,0,32,2597,-17,615,159,9,469428
COM12247,0,6,2,0,14.829446451397084,196275.58444444445,6,9,3,0,63,7748,-3,176,15,9,703144
COM12249,0,0,0,0,,,0,0,0,0,3283,2813,0,18,0,2,92467
COM12254,0,0,0,0,,,0,0,0,0,,0,,,,,0
COM12255,0,27,2,0,14.996455349412498,294074.0355555556,12,0,0,0,63,5747,-15,436,2,7,512880
COM12257,1,0,0,0,,,0,0,0,0,,0,,,,,0
COM12275,0,1,2,15825,14.996455349412738,200449.08555555553,7,0,0,0,1,3023,-1,712,0,3,216740
COM12278,0,0,3,0,14.580302029768836,40496.31555555555,0,0,0,0,63,8862,-5,155,0,2,260442
COM12280,0,0,0,0,,,0,0,0,0,3143,2607,0,40,0,1,106088
COM12288,1,2,3,0,14.47501711156742,65213.60333333334,1,0,0,0,61,8217,5,94,0,3,465094
COM12301,1,0,0,0,13.05407255304586,20484.621111111115,0,0,0,0,21,36525,1,9,0,1,2048462
COM12304,0,6,3,3051,12.658330777202666,80836.77333333333,3,0,0,0,32,2997,-5,348,0,2,196043
COM12305,0,0,0,0,,,0,0,0,0,3193,2864,0,24,0,1,141550
COM12306,0,15,0,0,13.58098649246647,693096.8822222223,13,0,0,0,32,2897,-15,963,0,5,534442
COM12309,0,1,3,0,13.24696869643652,25785.286666666667,1,0,0,0,32,2971,-2,234,0,1,110756
COM12319,0,0,3,0,14.744573076997941,2577.956666666667,0,0,0,0,213,36522,-1,10,0,1,261766
COM12330,1,0,3,0,13.659137577002053,56422.57000000001,0,0,0,0,1369,3007,0,214,0,1,237291
COM12338,0,0,0,0,,,0,0,0,0,3046,36500,0,2,0,1,240486
COM12339,0,1,3,2002,14.495428655369336,19555.556666666667,0,0,0,0,1,3043,0,116,0,1,165527
COM12343,0,0,3,0,14.580302029770605,2592.7344444444443,0,0,0,0,185,36522,-1,10,0,1,263114
COM12350,0,0,0,0,,,0,0,0,0,,0,,,,,0
COM12353,0,0,0,0,13.413977594452572,1580.2277777777776,0,0,0,0,3347,0,0,3,0,1,474068
COM12361,0,7,2,0,13.65764631450749,190546.30666666667,7,7,1,6,63,5220,-9,255,36,7,536075
COM12362,1,0,2,0,5.070499657768652,403943.55748785095,0,0,0,0,6,3079,0,234,0,3,660763
COM12363,0,10,0,0,9.329104220051956,53373.736666666664,2,0,0,0,32,2973,-3,264,0,1,218908
COM12364,0,4,3,2994,11.330473145445708,57013.40222222222,1,1,0,0,32,2971,-8,235,36,6,118003
COM12369,1,22,0,0,4.265571526351814,187351.63038831833,0,0,0,0,8,2820,-4,178,0,2,353929
COM12370,0,5,2,0,13.82739306331075,138476.56666666665,5,5,5,0,32,2876,-8,331,112,5,288323
COM12377,0,0,0,0,,,0,0,0,0,3346,0,0,1,0,1,1533210
COM12379,1,0,0,0,4.37782340862423,73601.36075046904,0,0,0,0,17,3078,-3,195,0,4,106515
COM12380,0,14,2,17223,13.827393063311426,212467.66444444444,9,0,0,0,32,2737,-22,472,0,5,316094
COM12389,0,0,0,0,,,0,0,0,0,3015,2739,0,40,0,1,1290880
COM12393,0,1,3,0,14.246284233743047,44557.67333333333,0,0,0,0,32,2997,-1,304,0,2,136083
COM12396,0,7,1,19455,10.99645534941744,164373.28666666668,7,0,0,0,32,3023,-6,457,0,2,232113
COM12398,0,10,3,0,14.07653748494124,27161.176666666663,1,0,0,0,1,3023,0,236,0,1,112226
COM12400,0,0,0,4269,14.076537484941444,38889.14444444444,0,0,0,0,32,3189,-3,276,0,1,137636
COM12402,0,0,0,0,,,0,0,0,0,2832,2939,0,71,0,1,274122
COM12405,0,3,3,0,13.994401961327817,52081.07444444444,3,0,0,0,1,2997,0,236,0,4,111043
COM12411,0,0,0,0,13.742519688911848,131126.40777777776,0,0,0,0,275,2913,-12,357,0,2,231226
COM12413,0,0,0,0,13.90952858692713,61762.735555555555,0,0,0,0,2070,2876,0,106,0,2,349600
COM12414,0,10,2,0,13.994401961328423,210681.3411111111,8,10,0,0,32,2946,-4,349,140,7,312529
COM12418,0,0,0,16610,13.909528586927529,148853.33222222223,0,0,0,0,32,2946,-7,424,0,1,347560
COM12421,0,0,0,0,,,0,0,0,0,2770,2838,0,80,0,2,804160
COM12422,0,0,0,0,,,0,0,0,0,2650,2959,0,61,0,1,144668
COM12424,0,0,0,0,13.909528586927971,83846.22000000002,0,0,0,0,32,3279,-4,400,0,1,205035
COM12427,0,0,0,0,,,0,0,0,0,2681,2954,0,58,0,1,89443
COM12429,1,1,0,0,10.40930869267625,23133.464444444446,0,0,0,0,151,36520,1,6,0,1,3470020
COM12437,0,0,0,0,,,0,0,0,0,2528,2970,0,146,0,2,564286
COM12441,0,3,3,2704,13.657646314513679,120970.77444444444,2,0,0,0,145,21088,-1,36,0,3,2322213
COM12449,0,16,2,0,9.07722194764197,386019.4666666667,9,9,9,0,32,2732,-15,549,80,8,321975
COM12450,0,0,0,0,,,0,0,0,0,2436,2978,0,74,0,1,146509
COM12451,0,0,0,0,,,0,0,0,0,3469,1950,0,6,0,1,103183
COM12456,0,0,0,0,8.32978868275544,0,0,0,0,0,,0,,,,,0
COM12462,0,0,0,0,,,0,0,0,0,3508,0,0,2,0,3,84744
COM12465,0,6,3,15993,13.496113118074035,86600.73333333334,4,4,0,4,32,2971,-13,303,146,9,109084
COM12473,1,42,0,0,8.563997262149213,286408.8094517263,0,0,0,0,1119,2808,0,129,0,3,1146170
COM12484,0,5,3,149077,11.078590873036815,98245.77555555555,5,4,4,0,63,12175,-6,85,8,5,1092404
COM12486,0,13,0,20358,13.413977594460695,151140.88555555555,11,0,0,0,1,2950,2,351,0,2,365519
COM12487,0,0,0,0,,,0,0,0,0,3408,2500,0,6,0,1,98961
COM12489,0,8,3,19985,13.580986492476072,140353.41666666666,13,0,0,0,32,2921,-2,239,0,5,256966
COM12491,1,1,0,0,7.3319644079397674,27160.056830657206,0,0,0,0,0,3387,0,56,0,1,355601
COM12495,0,0,0,0,,,0,0,0,0,3277,4620,0,12,0,1,134100
COM12496,0,1,0,21632,13.496113118075492,193416.21444444446,1,0,0,0,32,2921,-7,581,0,1,327369
COM12508,0,2,3,0,9.994401961333732,17777.60888888889,0,0,0,0,32,3124,-1,141,0,1,120603
COM12511,0,8,0,0,13.413977594461915,210893.10888888888,8,5,3,0,1,2997,-9,321,10,5,602065
COM12515,0,7,0,0,9.580986492477207,183328.94,10,0,0,0,32,2999,-7,471,0,6,204737
COM12520,1,6,0,0,11.58384668035592,486433.9555555555,0,0,0,0,31,2807,-8,788,76,6,389502
COM12524,0,46,1,70448,13.329104220061577,516693.2744444444,50,49,0,46,32,2759,-34,491,146,7,654322
COM12527,1,0,0,0,7.003422313483915,54394.75487099297,0,0,0,0,390,8162,0,80,0,1,476187
COM12528,0,4,0,0,12.910213049631508,122912.98000000001,4,0,0,0,32,2946,-2,236,0,1,499739
COM12529,0,8,0,0,1.704189777900002,0,0,0,0,0,,0,,,,,0
COM12530,0,19,3,1356,13.413977594464184,194780.38888888888,0,0,0,0,1,2947,0,290,0,6,409718
COM12533,0,0,0,0,,,0,0,0,0,2923,2925,0,42,0,1,144388
COM12535,1,0,0,0,,,0,0,0,0,8,3273,-16,218,0,2,117143
COM12546,0,0,0,0,,,0,0,0,0,3224,2840,0,27,0,1,93125
COM12550,0,0,0,0,,,0,0,0,0,2711,2571,0,70,0,5,95181
COM12557,0,0,0,0,,,0,0,0,0,3315,2757,0,11,0,1,100304
COM12566,0,0,0,0,,,0,0,0,0,3389,0,0,2,0,3,64256
COM12568,0,6,2,0,12.828077526018816,156145.30888888886,6,6,6,0,32,2826,-9,280,67,5,284213
COM12572,0,33,3,-8079,12.658330777216836,209387.9288888889,11,0,0,0,32,8522,-50,1807,0,1,118478
COM12574,0,16,2,21186,12.910213049633164,274752.51444444444,9,0,0,0,32,2897,-29,634,0,4,225796
COM12577,0,39,1,0,13.077221947650017,1022167.0844444444,40,8,0,0,1,2884,-32,2166,161,6,336146
COM12578,0,1,3,0,12.995086424036403,30311.178888888888,1,0,0,0,32,2997,-3,240,0,2,82783
COM12579,1,0,0,0,9.00205338809035,21088.698888888888,0,0,0,0,33,2849,-1,150,0,6,62106
COM12581,0,1,3,30739,5.162095322051864,87654.38485164194,2,3,0,0,63,9447,-24,105,37,6,333887
COM12584,1,0,0,0,14.600958247775496,101164.76333333334,0,0,0,0,1528,2920,0,194,24,4,299501
COM12586,1,0,3,0,12.673511293634498,12131.721111111112,0,0,0,0,1527,3741,0,54,0,2,188251
COM12587,0,4,3,14012,12.581670955180444,70215.36666666667,4,4,3,0,32,2897,-10,337,77,7,120106
COM12589,1,0,0,0,1.782340862422998,80639.0646313364,0,0,0,0,194,4327,-41,67,39,2,205982
COM12595,0,22,1,0,12.247653159150719,498550.41000000003,19,22,0,0,32,2971,-12,389,170,6,590636
COM12598,1,0,0,0,10.245037645448322,185705.52000000002,0,0,0,0,0,2982,1,262,71,5,315789
COM12600,0,0,0,0,,,0,0,0,0,2620,8164,0,60,0,1,403597
COM12605,0,0,0,0,,,0,0,0,0,2467,8664,0,35,0,3,517536
COM12607,0,1,3,0,12.828077526023673,43104.74333333334,1,0,0,0,1,2997,1,351,0,3,95684
COM12609,0,15,2,44191,12.828077526023963,258313.50222222222,14,0,0,0,32,2997,-10,784,0,1,336110
COM12618,0,0,3,0,12.184682591048126,23571.915555555555,0,0,0,0,32,7679,-3,124,20,3,166179
COM12619,1,0,0,0,7.559206023271732,389755.1278440782,0,0,0,0,358,3014,-1,181,0,2,1319559
COM12620,1,4,3,0,12.062970568104038,122863.51999999999,3,0,0,0,24,2942,-2,457,61,8,146239
COM12625,0,0,0,0,,,0,0,0,0,3114,23200,0,10,0,2,1237621
COM12630,1,1,0,0,9.763175906913073,33871.95333333334,0,0,0,0,7,2978,-3,171,0,3,119081
COM12632,0,93,0,0,7.582355417879903,1441086.7478242277,31,0,0,0,190,28011,-21,245,0,3,4937974
COM12638,1,1,0,0,9.831622176591376,39997.035555555565,0,0,0,0,0,2949,8,199,0,3,103113
COM12645,0,0,0,0,,,0,0,0,0,2722,9713,0,15,0,2,149845
COM12655,0,0,0,0,,,0,0,0,0,3192,2873,0,24,0,1,141550
COM12656,0,0,0,0,,,0,0,0,0,2436,2821,0,160,0,1,89173
COM12657,1,65,1,0,10.934976043805612,964981.4022222222,0,35,22,35,7,2647,-46,403,127,5,961298
COM12658,0,13,0,0,12.329788682767894,252265.06555555554,15,0,0,0,32,2946,-5,385,0,5,463486
COM12668,0,0,3,4839,12.162779784753008,41898.345555555556,0,0,0,0,32,2946,-1,250,0,1,170054
COM12672,0,1,3,0,11.91089751233702,23746.401111111114,1,0,0,0,32,3023,-2,232,0,1,99814
COM12674,0,0,0,0,11.497482043480233,71738.06777777777,0,0,0,0,32,2946,-7,363,0,2,174057
COM12676,0,0,0,0,11.659015239921194,53717.270000000004,0,0,0,0,32,2946,-5,321,0,2,175270
COM12680,0,2,2,-7473,12.16277978475367,74949.95444444445,0,0,0,0,1,2997,0,347,0,2,208591
COM12682,1,4,0,0,4.457221081451061,109509.46589373465,0,0,0,0,0,3020,9,315,0,2,149726
COM12690,0,24,1,60362,11.41534651986691,369569.97888888884,29,0,0,0,1,2955,0,490,0,3,575995
COM12691,1,0,0,0,11.425051334702259,14620.301111111114,0,0,0,0,3,3010,-2,142,0,2,68178
COM12693,1,1,0,0,9.415468856947296,68784.94555555556,0,0,0,0,0,2876,5,208,0,3,191214
COM12698,1,1,0,0,7.581108829568788,26353.1805823402,0,0,0,0,1,3006,0,132,0,1,151353
COM12707,0,0,0,0,11.497482043481561,424002.7522222222,0,0,0,0,32,2759,-8,663,0,3,619346
COM12708,1,0,0,0,7.51813826146475,90567.97924162418,0,0,0,0,9,2909,-2,131,0,4,227677
COM12717,0,0,0,0,,,0,0,0,0,2832,2817,0,49,0,1,190003
COM12718,0,0,0,0,,,0,0,0,0,3177,2200,0,20,0,2,941377
COM12721,1,1,0,0,9.91649555099247,107078.42222222222,0,0,0,0,31,2986,-2,194,0,1,504793
COM12727,0,10,3,14886,10.829446451422152,137580.1122222222,10,0,0,0,32,3023,-5,455,0,3,250446
COM12728,0,0,0,0,,,0,0,0,0,3134,7180,0,12,0,1,311038
COM12732,1,0,0,0,5.210130047912389,74090.29073173934,0,0,0,0,78,18520,3,38,0,3,761387
COM12733,0,1,3,3520,12.077906410354885,69067.91444444444,0,0,0,0,32,3023,7,567,12,3,82282
COM12736,0,0,0,5175,12.07790641035506,44016.19333333333,0,0,0,0,32,3486,-3,246,0,2,173784
COM12740,0,13,2,0,11.659015239924038,162387.04333333333,12,0,0,0,32,2946,-7,333,88,8,223563
COM12745,0,1,3,0,12.077906410355448,68565.03777777778,0,0,0,0,20,2907,-6,368,0,1,190054
COM12746,0,1,3,0,11.910897512340597,76745.60555555556,0,0,0,0,1,2851,-6,400,0,1,188946
COM12747,0,0,0,0,,,0,0,0,0,2596,2942,0,64,0,1,146067
COM12749,0,0,0,0,,,0,0,0,0,2832,2600,0,127,0,2,304475
COM12752,1,6,0,0,8.607802874743326,189538.3483730916,0,0,0,0,10,2983,0,183,0,3,561986
COM12754,1,23,2,107388,11.915126625598905,131079.94666666666,25,35,0,0,122,6320,-18,192,49,8,377272
COM12762,0,5,3,10830,11.82876198872779,60112.207777777774,3,0,0,0,32,2921,-4,237,0,4,103390
COM12767,0,8,3,7404,6.5803020297958374,49111.63629521502,8,0,0,0,32,2935,-2,253,0,2,168524
COM12769,1,2,0,0,9.114305270362765,49041.44666666667,0,0,0,0,42,3019,-2,196,0,1,225190
COM12771,0,0,0,0,,,0,0,0,0,2650,4086,0,49,0,1,155610
COM12777,0,3,3,4610,10.495428655395182,61023.56111111111,0,0,0,0,32,3023,-5,325,0,2,139776
COM12778,1,0,0,0,6.179329226557153,112568.009325432,0,0,0,0,35,2935,-6,190,0,3,241526
COM12779,0,6,3,0,11.828761988728825,76428.25555555554,5,0,0,0,32,2826,-8,409,0,4,121038
COM12780,0,0,0,0,,,0,0,0,0,2832,2939,0,72,0,1,304007
COM12784,1,0,0,0,5.9137577002053385,114525.33470833334,0,0,0,0,0,2876,0,155,0,2,335285
COM12785,0,0,0,0,,,0,0,0,0,2497,3233,0,47,0,4,90304
COM12787,0,0,0,0,,,0,0,0,0,3163,2464,0,41,0,1,453676
COM12789,0,51,1,0,10.0792753357521,1199304.2911111112,48,52,46,0,32,2985,-13,665,164,7,943787
COM12806,0,0,0,0,11.58235541788784,8355.163333333334,0,0,0,0,2192,3133,0,155,0,1,51080
COM12809,0,0,2,22592,7.828761988729928,82742.42350610616,6,0,0,0,32,2821,-3,366,34,4,218298
COM12810,0,0,0,0,,,0,0,0,0,3492,1600,0,5,0,3,69699
COM12817,0,0,0,0,,,0,0,0,0,2985,2906,0,57,0,2,94021
COM12829,0,8,2,0,10.495428655397069,177878.68777777778,8,8,0,0,1,2923,-5,291,45,6,493812
COM12833,1,0,0,0,6.937713894592744,40584.29250295975,0,0,0,0,9,3267,0,195,0,1,144391
COM12836,1,0,0,0,8.041067761806982,34751.45319969357,0,0,0,0,16,5867,0,99,0,4,156111
COM12839,1,4,3,0,10.628336755646817,69879.46444444444,4,0,0,0,16,3021,0,220,0,2,246633
COM12845,0,4,1,8137,11.330473145473055,65396.52777777778,4,0,0,0,1,2997,0,234,0,2,270103
COM12848,1,0,0,0,5.508555783709788,28539.95061008946,0,0,0,0,33,2747,-4,123,0,1,134350
COM12854,0,0,0,0,,,0,0,0,0,3466,2100,0,6,0,1,141550
COM12863,1,0,0,0,11.759069130732374,59961.10666666666,0,0,0,0,4,6703,-6,153,0,3,406254
COM12864,0,0,0,0,10.82944645142856,57470.79888888889,0,0,0,0,2862,2153,0,125,0,1,413790
COM12867,0,0,0,11790,10.161410859368516,101856.18666666668,3,3,0,0,20,2708,-24,662,48,7,125343
COM12870,0,0,0,0,11.078590873057928,253980.21000000002,0,11,0,0,32,2897,-3,515,12,8,435085
COM12871,0,3,0,-18845,11.248337621860303,107996.68222222221,6,3,0,0,32,2633,-6,339,74,8,192400
COM12876,0,0,3,9979,11.995770886747538,71448.69333333333,0,0,0,0,32,2971,-4,346,0,2,197639
COM12878,0,47,1,0,10.744573077028326,1303682.72,51,53,0,0,32,2826,-16,604,163,6,1098226
COM12879,0,0,0,0,,,0,0,0,0,2589,2965,0,64,0,1,436942
COM12881,0,3,3,0,8.491321879218885,39902.93676526698,3,0,0,0,154,3054,-15,247,0,2,149061
COM12885,1,1,0,0,8.32580424366872,29725.857437520557,0,0,0,0,28,9100,0,56,0,1,441949
COM12897,0,3,1,12111,11.163464247460139,185433.44111111108,3,0,0,3,1,2875,31,427,0,5,349151
COM12899,0,0,0,0,,,0,0,0,0,2893,2460,0,117,0,3,278502
COM12902,0,0,3,1877,11.078590873059385,18666.52333333333,0,0,0,0,32,3031,-1,117,0,1,154814
COM12904,0,0,0,0,,,0,0,0,0,3015,2595,0,38,0,1,337289
COM12907,0,0,0,8922,10.911581975044642,57218.100000000006,0,0,0,0,32,2897,-1,375,0,2,141877
COM12909,0,0,0,0,,,0,0,0,0,2711,2952,0,56,0,1,196613
COM12911,0,4,2,0,10.744573077029901,107289.80444444442,12,12,12,0,32,4514,0,158,4,6,635301
COM12914,0,0,0,0,,,0,0,0,0,3192,2873,0,25,0,2,723698
COM12919,0,5,2,11511,10.580302029802326,110677.07666666666,4,3,3,0,32,2781,-20,348,92,9,141981
COM12920,0,13,1,64344,10.246284233772437,404554.24666666664,14,14,0,0,1,2898,1,588,154,8,347605
COM12922,0,0,0,0,,,0,0,0,0,2742,2985,0,0,0,1,62550
COM12925,0,0,0,0,,,0,0,0,0,,0,,,,,0
COM12929,0,20,2,0,10.246284233773006,387473.19777777774,21,0,0,0,1,3006,31,367,0,3,712526
COM12932,0,0,0,0,,,0,0,0,0,2985,7614,0,25,0,1,323388
COM12933,0,0,0,0,,,0,0,0,0,2923,2786,0,54,0,1,108894
COM12936,1,1,0,0,6.184804928131417,56296.157121513934,0,0,0,0,9,2956,0,179,0,1,194514
COM12938,1,5,3,0,3.080082135523614,131391.16822,0,5,5,0,0,6100,6,68,74,4,212998
COM12941,0,0,0,0,,,0,0,0,0,3192,2633,0,25,0,1,134845
COM12942,0,0,0,0,,,0,0,0,0,3466,2100,0,6,0,1,89400
COM12943,1,0,0,0,5.9986310746064335,83050.71503879507,0,0,0,0,29,2911,-2,127,0,1,404756
COM12945,0,0,0,0,,,0,0,0,0,3345,2717,0,14,0,1,141550
COM12946,1,0,0,0,3.3319644079397674,3696.5821035332788,0,0,0,0,304,2946,-6,18,0,1,68427
COM12948,1,1,1,0,8.914442162902121,161087.54465601966,0,0,0,0,0,2820,-3,489,59,5,195673
COM12952,0,0,0,0,,,0,0,0,0,,0,,,,,0
COM12957,0,5,3,10573,25.496113118100673,100102.46333333333,5,0,0,0,32,2929,-4,348,0,6,209550
COM12962,0,0,0,0,,,0,0,0,0,3483,0,0,2,0,1,159840
COM12964,0,0,0,0,9.909528586960343,111978.38888888889,0,0,0,0,32,2921,-5,634,0,2,163943
COM12966,1,0,0,0,,,0,0,0,0,60,2686,-13,104,0,2,208538
COM12968,0,0,0,0,,,0,0,0,0,2801,6518,0,79,0,1,496496
COM12969,0,5,3,0,9.99440196136186,110940.51444444444,4,0,0,0,213,3449,-16,417,0,4,245961
COM12972,0,0,0,0,,,0,0,0,0,2467,2979,0,148,0,1,65289
COM12973,1,1,0,0,5.935660506502396,101364.14125115315,0,0,0,0,9,3325,3,228,0,1,274908
COM12978,0,0,0,0,,,0,0,0,0,3151,2550,0,32,0,2,174745
COM12984,1,0,0,0,-0.0027378507871321013,,0,0,0,0,9,4427,-4,59,0,1,377013
COM12994,0,0,0,0,,,0,0,0,0,2711,2952,0,56,0,2,247814
COM12999,0,0,0,0,,,0,0,0,0,3046,2888,0,34,0,1,89400
COM13000,1,0,0,0,3.693360711841205,47601.98738139362,0,0,0,0,58,2995,0,85,0,1,206837
COM13003,0,0,0,0,,,0,0,0,0,3015,25300,0,11,0,3,500405
COM13004,0,1,3,4489,8.74320415164362,59015.589828472606,1,0,0,0,1,2978,0,243,0,4,120101
COM13005,0,1,3,0,10.161410859378213,31709.174444444445,1,0,0,0,32,2997,-5,389,0,2,68074
COM13008,1,1,0,0,3.7973990417522243,49149.64372927181,0,0,0,0,19,2980,0,175,0,1,106652
COM13011,0,0,0,0,,,0,0,0,0,3493,2500,0,3,0,1,115440
COM13012,1,0,0,0,5.1854893908282,27355.672591077084,0,0,0,0,281,2938,-9,116,0,2,63327
COM13018,0,0,0,0,,,0,0,0,0,3163,7100,0,18,0,3,387612
COM13022,1,0,0,0,3.9863107460643397,25621.5173643544,0,0,0,0,514,3119,0,130,0,2,75635
COM13023,0,0,0,0,,,0,0,0,0,3373,2900,0,18,0,2,62937
COM13029,1,0,0,0,,,0,0,0,0,2183,2500,0,7,0,1,79920
COM13035,0,0,0,0,,,0,0,0,0,3046,2888,0,34,0,2,65066
COM13040,1,1,0,0,8.084873374401095,38971.3549500508,0,0,0,0,2,2986,0,147,0,1,230579
COM13041,1,0,0,0,8.766598220396988,43695.011493597754,0,0,0,0,128,6324,-1,157,0,3,207825
COM13042,1,20,1,0,8.501026694045175,367677.81733816426,0,0,0,0,31,2957,-8,324,122,4,589141
COM13048,0,0,3,0,10.161410859379766,72303.63555555555,0,0,0,0,63,8226,0,183,0,2,345347
COM13050,0,0,0,0,,,0,0,0,0,2272,14538,0,27,0,1,750764
COM13054,1,8,0,0,4.525667351129363,109754.71493194193,0,0,0,0,73,3129,-10,151,0,4,226486
COM13056,0,0,0,0,,,0,0,0,0,3374,2680,0,12,0,1,89400
COM13057,0,35,1,589405,9.077221947675977,966756.2177777779,38,0,0,0,32,2745,-15,555,0,4,851880
COM13058,0,25,1,55059,8.329788682789081,393368.2167436276,32,0,0,0,32,3002,-12,357,67,6,587880
COM13060,1,62,0,0,5.259411362080766,967365.1345627279,0,0,0,0,3,3052,24,726,0,4,505115
COM13066,0,0,0,0,,,0,0,0,0,3309,2843,0,14,0,3,154541
COM13073,0,0,0,0,,,0,0,0,0,3196,2927,0,24,0,2,86432
COM13074,1,6,0,0,3.4989733059548254,233841.5696420188,0,0,0,0,1,2717,-8,667,123,3,98837
COM13076,0,0,0,0,,,0,0,0,0,2923,11540,0,13,0,2,257107
COM13077,0,0,0,0,,,0,0,0,0,3224,2508,0,47,0,2,152951
COM13082,1,0,0,0,7.326488706365503,52217.08861266816,0,0,0,0,0,2992,11,284,0,1,134707
COM13084,1,13,0,0,6.579055441478439,266831.4480118602,0,0,0,0,0,3143,8,185,0,3,516246
COM13085,0,0,0,0,,,0,0,0,0,2770,3013,0,52,0,2,123120
COM13093,0,7,3,18651,9.580986492509725,67896.08333333333,4,0,0,0,63,8645,0,108,0,2,640010
COM13095,0,0,0,0,,,0,0,0,0,2893,8971,0,20,0,2,314771
COM13099,0,15,2,0,9.909528586965846,196759.27777777778,14,12,0,0,32,2971,-11,327,253,6,272266
COM13103,0,0,0,0,,,0,0,0,0,2974,14400,0,75,0,1,5512549
COM13104,1,0,0,0,5.968514715947981,259550.70628555046,0,0,0,0,0,2946,-7,397,0,3,279176
COM13106,1,0,0,0,5.516769336071184,33802.64401861042,0,0,0,0,9,18980,3,27,0,1,705573
COM13107,0,4,0,0,9.742519688951337,99553.49333333333,3,0,0,0,32,2826,-10,381,0,4,217128
COM13115,0,0,0,0,9.909528586966546,27202.466666666667,0,0,0,0,2192,3541,0,157,0,2,154951
COM13116,1,0,0,0,3.89596167008898,33781.212738931834,0,0,0,0,238,3068,-10,95,0,1,138537
COM13118,1,3,0,0,7.091033538672143,53580.23734169885,0,0,0,0,6,3033,0,172,0,2,147836
COM13119,0,2,3,0,9.827393063353034,59045.12000000001,0,0,0,0,32,2974,0,334,0,3,139094
COM13121,1,0,0,0,,,0,0,0,0,1392,0,0,14,0,1,1570333
COM13122,0,0,0,0,,,0,0,0,0,2987,3500,0,71,0,2,208559
COM13123,1,0,0,0,2.7871321013004793,38336.959324656185,0,0,0,0,105,3403,-5,113,0,2,88306
COM13124,0,1,3,0,9.496113118110623,32936.63111111111,0,0,0,0,1674,3017,0,128,0,3,160430
COM13125,0,8,0,58234,9.246968696481796,116897.51333333332,1,0,0,0,1,12693,5,57,0,4,1759090
COM13126,0,0,3,9169,9.496113118111,46468.08888888889,0,0,0,0,32,3027,-8,547,0,6,44258
COM13127,0,0,0,0,,,0,0,0,0,2345,2955,0,82,0,3,193910
COM13128,0,0,0,0,,,0,0,0,0,2923,3559,0,36,0,4,170239
COM13129,0,0,0,0,9.496113118111428,48152.573333333334,0,0,0,0,63,17115,0,72,0,2,585636
COM13135,0,0,0,0,,,0,0,0,0,2923,3280,0,81,0,3,136402
COM13136,0,0,0,0,,,0,0,0,0,3315,2750,0,18,0,2,76421
COM13139,0,2,3,4062,9.580986492512949,39894.08111111112,2,0,0,0,32,3060,-4,337,0,3,85574
COM13141,0,0,3,0,9.580986492513125,48279.81888888888,0,0,0,0,32,3081,-2,308,0,1,153431
COM13142,0,4,2,115996,9.657646314553002,166710.7477777778,5,6,5,0,63,8229,0,108,28,6,1028124
COM13145,0,0,0,0,,,0,0,0,0,3282,4325,0,15,0,3,232184
COM13148,0,0,0,0,,,0,0,0,0,3459,0,0,10,0,2,670844
COM13149,0,0,3,6199,9.329104220097577,64165.75444444445,0,0,0,0,32,3039,-1,326,0,2,167393
COM13151,0,0,0,0,,,0,0,0,0,3253,4450,0,12,0,4,148860
COM13152,0,0,2,36757,9.162095322082825,268266.9766666667,0,0,0,0,32,2880,-17,572,0,4,333601
COM13154,1,0,0,0,4.01368925393566,55414.2450818554,0,0,0,0,6,3393,6,101,0,2,275863
COM13155,0,0,0,0,,,0,0,0,0,3385,0,0,3,0,2,442058
COM13157,0,40,0,0,9.162095322083257,774763.5933333334,47,0,0,0,32,3038,-7,407,0,4,1100480
COM13165,0,11,0,23173,8.581670955211429,178194.81054226932,9,2,2,0,1,2899,-34,286,121,9,212239
COM13170,0,0,0,0,,,0,0,0,0,2801,8000,0,48,0,1,8381445
COM13173,1,1,3,0,13.828884325804244,48529.264444444445,1,0,0,0,0,36511,4,31,0,3,1014786
COM13176,0,0,3,0,2.013566916882003,40511.899215306476,0,0,0,0,32,3375,-6,63,0,2,111541
COM13185,0,4,3,0,9.246968696485194,30573.975555555553,4,0,0,0,93,36389,3,21,0,1,1539067
COM13191,0,0,0,14469,9.246968696485382,73987.81555555557,0,0,0,0,32,2996,-4,365,0,5,167531
COM13197,1,0,0,0,5.494866529774128,255075.49681240652,0,0,0,0,1,2352,3,238,0,7,254822
COM13201,0,0,0,0,,,0,0,0,0,2070,4968,0,65,0,1,161783
COM13203,0,4,3,13158,9.077221947683649,74843.47777777776,5,5,0,0,32,3002,-12,331,74,7,85162
COM13207,0,0,0,0,,,0,0,0,0,2985,3389,0,40,0,2,129495
COM13210,0,7,2,0,8.912950900456035,133611.10178886604,9,9,0,0,32,2958,-12,568,107,7,120675
COM13211,1,0,0,0,3.594798083504449,37409.83690213252,0,0,0,0,309,5285,-4,46,12,3,238251
COM13218,1,1,0,0,7.238877481177276,57961.74905446293,0,0,0,0,88,6326,-2,100,0,2,442192
COM13220,0,3,0,10486,8.91021304966943,88972.07458237035,3,0,0,0,32,3089,-2,227,0,2,393629
COM13223,0,0,0,0,8.162779784782542,45995.71835809374,0,0,0,0,32,3022,-5,300,0,2,149037
COM13225,0,0,0,0,,,0,0,0,0,,0,,,,,0
COM13226,0,0,0,0,,,0,0,0,0,,0,,,,,0
COM13234,0,0,0,0,,,0,0,0,0,2620,50300,0,11,0,3,745288
COM13238,0,10,0,36562,7.659015239950708,256169.82974075153,8,0,0,0,32,3736,-7,287,64,4,426859
COM13240,0,0,0,0,,,0,0,0,0,,0,,,,,0
COM13241,0,3,3,-6787,8.658330777254186,61927.58093841733,3,0,0,0,32,3059,-12,525,0,3,86250
COM13242,1,1,0,0,0.7227926078028748,135400.72068181817,0,0,0,0,20,18669,11,42,0,4,297056
COM13245,1,1,0,6553,1.700205338809035,156847.1665821256,0,1,1,0,5,4637,-1,59,70,8,140337
COM13248,0,5,2,57720,4.247653159184903,196427.2620036854,6,6,0,0,32,5762,7,125,0,7,357370
COM13249,0,0,0,0,7.828761988753866,8844.146762855,0,0,0,0,1858,4726,0,41,0,4,104078
COM13250,0,6,3,-4888,12.658330777255076,129724.76999999999,6,0,0,0,63,15505,4,72,0,3,1371632
COM13254,0,12,1,0,8.74320415165635,476532.036508685,18,18,2,18,32,2955,-18,394,150,8,527150
COM13256,0,6,3,6826,8.49679758081467,66258.12544613074,3,0,0,0,32,2970,-2,344,0,3,117238
COM13262,0,0,0,0,,,0,0,0,0,3165,0,0,2,0,2,95944
COM13264,0,0,0,0,,,0,0,0,0,2651,3113,0,68,0,3,59443
COM13266,1,1,3,0,7.370294318959616,64756.8752813893,1,0,0,0,14,2943,0,186,0,2,196039
COM13269,0,10,0,0,8.414662057201287,84706.4071206523,0,0,0,0,63,5929,3,108,0,2,499689
COM13272,0,3,3,0,5.786325301554646,23577.525094094646,1,0,0,0,1,3065,0,140,0,1,125948
COM13274,1,0,0,0,3.482546201232033,59608.937830188675,0,0,0,0,24,2940,0,86,0,3,210082
COM13276,0,0,0,0,,,0,0,0,0,2652,21650,0,10,0,1,4277614
COM13278,0,5,3,0,8.58167095521698,55244.55114557717,5,4,0,0,32,2930,-9,314,122,4,102896
COM13285,1,0,0,0,2.628336755646817,19314.0243125,0,0,0,0,16,5511,-9,55,0,3,137732
COM13286,0,0,0,0,,,0,0,0,0,2681,5800,0,24,2,6,234871
COM13287,0,0,0,0,,,0,0,0,0,3015,7900,0,10,0,1,498126
COM13291,0,6,2,17235,8.329788682801423,146869.1219653551,4,0,0,0,1,3109,0,308,0,4,218223
COM13292,1,5,0,0,4.85968514715948,121898.4465169014,0,0,0,0,12,3373,0,183,0,5,153888
COM13294,0,2,2,0,6.5803020298243435,201234.68406135504,2,0,0,0,32,2999,-4,250,0,5,269832
COM13296,1,0,0,0,,,0,0,0,0,590,3490,0,26,0,1,135587
COM13299,0,3,3,3064,5.2469686964913205,40436.181778991115,2,2,0,0,32,3192,-8,173,66,4,90004
COM13300,0,0,0,0,,,0,0,0,0,2862,2463,0,43,0,3,354487
COM13310,1,0,0,0,3.02258726899384,137467.3129415761,0,0,0,0,9,3358,0,78,0,3,318533
COM13314,1,0,0,0,3.4934976043805612,4447.474067398119,0,0,0,0,181,72400,1,2,0,1,776862
COM13319,0,0,0,0,,,0,0,0,0,,0,,,,,0
COM13321,0,8,2,27894,7.330473145499552,62799.157825524904,1,8,0,0,0,3313,-2,197,112,6,142571
COM13322,0,10,2,163113,7.995770886772856,220189.01178277464,9,8,8,0,63,12225,-9,74,42,5,1350618
COM13323,0,0,0,0,,,0,0,0,0,3045,0,0,6,0,1,263196
COM13327,1,0,0,0,4.772073921971253,46871.937370912216,0,0,0,0,10,3120,0,231,0,4,77074
COM13328,1,0,0,0,4.336755646817249,73159.60497632576,0,0,0,0,336,3012,-9,192,22,3,113121
COM13330,0,0,0,0,,,0,0,0,0,3014,0,0,2,0,1,491700
COM13332,0,2,0,0,,,2,2,2,0,2192,4725,0,44,0,1,248165
COM13337,1,0,0,0,1.9411362080766599,46698.09857898449,0,0,0,0,1,3218,0,48,0,1,259976
COM13340,0,0,0,0,,,0,0,0,0,2681,2980,0,48,0,2,230571
COM13341,1,12,0,0,5.245722108145106,132355.81978731733,0,0,0,0,0,2991,0,330,128,4,108943
COM13342,0,4,2,32768,6.246284233796762,101193.3089083573,4,0,0,0,63,6052,2,106,0,3,717018
COM13343,1,3,0,0,6.28062970568104,43462.390363993036,0,0,0,0,103,37400,4,33,0,1,827185
COM13345,0,0,0,0,,,0,0,0,0,2801,4150,0,16,0,2,280877
COM13351,0,0,0,0,,,0,0,0,0,2558,3591,0,52,0,3,157797
COM13354,0,11,0,75409,7.163464247486602,342458.8125585644,11,11,11,0,32,2533,-20,431,78,9,290094
COM13359,1,0,0,0,2.8884325804243667,107801.17981990523,0,0,0,0,15,8527,29,83,0,3,368343
COM13365,1,1,0,0,3.2826830937713893,38768.24425771476,0,0,0,0,13,2968,0,116,0,1,118747
COM13369,0,0,0,0,,,0,0,0,0,2896,0,0,3,0,1,787217
COM13371,1,0,0,0,2.4531143052703626,68965.01709542412,0,0,0,0,13,3217,-3,56,0,3,342212
COM13372,1,0,0,0,0,,0,0,0,0,94,25050,5,10,0,3,230182
COM13373,1,0,0,0,2.220396988364134,158545.66180949446,0,0,0,0,81,54600,5,24,0,3,1470893
COM13374,0,11,2,27171,7.743888614359701,191714.58474325566,13,0,0,0,32,2965,-14,427,74,3,338868
COM13377,0,5,2,16426,7.828761988760987,118034.1414551349,5,5,5,0,1,2896,6,496,117,7,125795
COM13378,1,1,0,0,4.501026694045175,24551.49625,0,0,0,0,20,3375,-3,102,0,2,83562
COM13379,0,0,0,0,,,0,0,0,0,2650,25400,0,9,0,2,430956
COM13382,0,12,2,120750,7.99577088677651,141535.99146663846,10,0,0,0,63,6762,-5,129,0,2,706645
COM13383,0,0,0,0,,,0,0,0,0,2898,0,0,3,0,1,100
COM13388,0,4,3,0,7.65901523995956,42589.699821738606,0,0,0,0,1674,3356,0,83,0,2,319630
COM13390,1,0,0,0,3.6632443531827517,156447.06297085198,0,0,0,0,29,3107,-1,277,22,4,187169
COM13393,0,5,2,0,4.9759214685704265,164777.59650727717,7,0,0,0,32,3036,-4,172,0,3,368715
COM13394,0,3,3,0,6.744573077057942,119273.36701805094,3,0,0,0,32,3483,0,189,0,4,198698
COM13395,1,0,0,0,2.43668720054757,394722.0840589888,0,0,0,0,9,3700,6,119,19,5,571822
COM13398,0,31,0,18401,6.744573077058588,125618.99920424526,32,0,0,0,32,2863,-1,394,0,4,223688
COM13400,0,0,3,4427,7.743888614362142,38850.08100995006,0,0,0,0,32,3077,-3,210,0,2,133874
COM13402,0,2,0,0,7.659015239961221,60880.078625141825,0,0,0,0,32,3028,1,182,0,1,297972
COM13403,1,0,0,0,1.4565366187542779,24670.09722744361,0,0,0,0,380,6200,0,26,0,3,345378
COM13404,1,1,0,0,5.817932922655715,46929.06288705882,0,0,0,0,21,4210,3,109,0,2,171564
COM13405,0,15,0,0,7.4974820435209,206251.7470563761,15,0,0,0,32,3227,-6,271,0,3,382762
COM13407,0,0,0,1622,7.659015239961873,16287.93860457453,0,0,0,0,32,4051,-1,122,0,1,119163
COM13408,1,1,0,0,4.733744010951403,332131.2889676113,0,0,0,0,27,2530,-12,230,123,6,364286
COM13411,0,1,3,0,7.07859087309022,46139.90776633435,0,0,0,0,82,5420,4,146,35,5,164713
COM13414,0,0,0,0,,,0,0,0,0,2834,0,0,2,0,1,1171440
COM13416,1,0,0,0,1.2594113620807665,31704.541663043477,0,0,0,0,27,3773,2,23,0,1,274555
COM13417,0,39,1,50736,5.405764042152955,731387.7962800127,36,41,0,0,32,3465,-12,225,73,5,1035798
COM13418,1,2,3,0,6.338124572210814,102591.91068142548,0,0,0,0,1,2899,-2,413,109,4,118606
COM13426,1,0,0,0,5.032169746748802,25789.867300054408,0,0,0,0,866,3434,0,58,0,2,156454
COM13429,0,4,2,13027,7.41534651990844,95545.52415019786,4,0,0,0,32,3061,-9,383,0,4,183138
COM13431,1,0,0,0,2.0752908966461328,156307.2292777045,0,0,0,0,28,3122,0,109,0,1,304758
COM13433,0,0,0,0,,,0,0,0,0,2345,4875,0,31,0,3,165529
COM13436,1,4,0,0,3.9890485968514717,161770.06981297184,0,0,0,0,87,6714,1,80,0,3,845935
COM13437,0,0,0,0,,,0,0,0,0,2286,3421,0,59,0,3,74882
COM13438,0,0,3,13326,2.4160309826059363,31868.850422170955,0,0,0,0,32,3044,-3,68,0,1,156040
COM13439,0,0,3,0,6.996455349478129,59769.46741054964,1,0,0,0,1,3031,-1,377,8,4,112934
COM13453,0,4,3,51543,2.410555281032043,28951.735954431177,4,0,0,0,63,6533,-3,13,0,3,622789
COM13458,0,6,0,35067,5.728830435036324,131300.2415640929,5,0,0,0,32,2749,-3,145,0,2,684234
COM13460,0,0,0,0,,,0,0,0,0,,0,,,,,0
COM13461,1,6,2,0,5.160848733744011,287786.32093766576,0,0,0,0,0,3106,8,195,0,4,411410
COM13466,0,7,1,236924,12.581670955228393,342109.0988888889,6,0,0,0,32,3194,-20,366,148,9,470294
COM13471,0,0,0,0,,,0,0,0,0,,0,,,,,0
COM13474,1,1,0,0,1.809719370294319,20150.074425113464,0,0,0,0,266,3283,-8,25,0,1,159749
COM13475,1,0,0,0,6.565366187542779,421168.6935675563,0,0,0,0,55,8594,-4,52,0,1,5317551
COM13481,0,3,3,3400,7.330473145509655,52498.63308424174,5,0,0,0,32,26560,7,46,0,2,1043382
COM13486,0,0,0,0,,,0,0,0,0,1664,12988,0,11,0,1,576841
COM13489,1,0,0,0,1.6317590691307324,21901.076375838926,0,0,0,0,19,6175,-3,40,0,1,140293
COM13492,0,37,0,123604,6.9964553494799855,487964.6520225039,24,0,0,0,32,3127,-13,479,0,3,799708
COM13493,0,0,0,0,,,0,0,0,0,2363,0,0,7,0,2,924114
COM13494,0,11,1,57930,7.248337621896456,242854.832628427,12,0,0,0,32,3044,-15,318,0,4,382403
COM13500,0,0,0,0,,,0,0,0,0,2376,4520,0,20,0,4,590625
COM13501,1,0,0,0,2.3709787816563996,77410.76023960739,0,0,0,0,14,3141,-1,80,0,2,303260
COM13505,0,0,0,0,2.4187688333958635,0,0,0,0,0,,0,,,,,0
COM13506,0,11,2,21931,6.2462842338066675,233378.1998120186,7,7,0,0,32,3400,-18,373,71,6,275527
COM13508,1,0,0,0,1.4702258726899384,40681.40216480447,0,0,0,0,172,3754,-15,66,0,3,228428
COM13509,0,0,0,0,,,0,0,0,0,2254,3850,0,51,0,1,120563
COM13510,0,1,0,0,7.292143234491596,467.6841760140989,0,0,0,0,2620,1300,0,6,0,1,391580
COM13514,0,4,3,0,7.078590873095464,76546.88054644558,1,0,0,0,32,2702,-8,321,0,2,224134
COM13516,0,5,2,68713,6.161410859406384,98934.72841035746,5,0,0,0,32,3156,-7,291,0,5,185057
COM13518,0,0,0,0,,,0,0,0,0,2497,3400,0,13,0,1,297426
COM13519,0,0,0,0,,,0,0,0,0,,0,,,,,0
COM13520,0,0,0,0,,,0,0,0,0,,0,,,,,0
COM13525,1,0,0,0,2.6584531143052703,50891.38840628218,0,0,0,0,16,3115,-5,82,0,2,145102
COM13526,0,0,0,0,,,0,0,0,0,,0,,,,,0
COM13528,0,0,0,0,,,0,0,0,0,,0,,,,,0
COM13530,0,7,3,9310,3.995770886785684,74679.67720242399,4,0,0,0,32,2858,-4,167,0,3,166567
COM13531,0,18,1,333154,3.2784539805572637,869257.4020866918,27,26,14,0,32,2450,-18,181,54,8,895250
COM13532,0,2,0,0,5.575510790961277,0,0,0,0,0,1687,0,0,5,0,1,567119
COM13533,0,0,0,0,,,0,0,0,0,,0,,,,,0
COM13536,0,0,0,0,,,0,0,0,0,,0,,,,,0
COM13537,1,1,0,0,2.8281998631074607,36872.42947725073,0,0,0,0,0,3126,9,75,0,2,103071
COM13538,1,0,0,0,,,0,0,0,0,,0,,,,,0
COM13539,1,0,0,0,,,0,0,0,0,91,3242,-12,28,0,2,107776
COM13543,0,1,0,7475,5.580986492536223,87332.49411225566,1,0,0,0,32,5271,-3,89,0,3,600027
COM13545,0,0,0,0,,,0,0,0,0,,0,,,,,0
COM13546,0,0,0,0,,,0,0,0,0,2584,0,0,5,0,1,654538
COM13548,0,1,0,0,4.7705826595454885,0,0,0,0,0,,0,,,,,0
COM13550,0,0,0,0,,,0,0,0,0,,0,,,,,0
COM13553,0,0,0,0,,,0,0,0,0,,0,,,,,0
COM13558,1,0,0,0,1.5770020533880904,98255.1415625,0,0,0,0,21,2967,2,74,0,2,276371
COM13561,0,0,0,0,,,0,0,0,0,,0,,,,,0
COM13562,0,0,0,0,,,0,0,0,0,,0,,,,,0
COM13563,0,0,0,0,,,0,0,0,0,,0,,,,,0
COM13564,1,0,0,0,2.135523613963039,40673.91221153846,0,0,0,0,19,3308,4,118,0,1,91082
COM13565,0,0,2,0,,,0,0,0,0,,0,,,,,0
COM13566,1,1,0,0,5.327857631759069,42481.93845323741,0,0,0,0,30,6917,-2,63,0,2,371731
COM13570,0,5,0,17573,6.8759899148511545,186602.34611873626,4,2,0,0,1,2965,0,289,146,6,213059
COM13572,0,2,0,-3403,6.744573077068998,29396.757620448425,2,0,0,0,1,3537,6,152,0,3,118186
COM13575,0,46,1,0,14.780165137301893,1047054.7411111111,47,47,47,47,63,8500,-18,195,6,9,2361095
COM13582,1,1,3,0,8.854209445585216,31050.105793135437,1,0,0,0,191,11190,-3,60,0,2,456562
COM13583,0,0,0,0,,,0,0,0,0,,0,,,,,0
COM13585,0,0,0,0,6.580302029841667,0,0,0,0,0,2454,0,0,6,0,2,377027
COM13587,0,0,0,0,,,0,0,0,0,,0,,,,,0
COM13590,1,0,0,0,,,0,0,0,0,,0,,,,,0
COM13591,0,0,0,0,,,0,0,0,0,,0,,,,,0
COM13592,1,0,0,0,1.4182067077344285,31777.462166988415,0,0,0,0,32,4200,-6,73,14,6,58106
COM13594,0,0,3,8538,6.580302029842237,58629.52008135229,0,0,0,0,32,3104,-9,235,0,4,165577
COM13596,1,0,0,0,1.2867898699520877,0,0,0,0,0,,0,,,,,0
COM13598,1,1,0,0,3.7481177275838466,43971.24156135866,0,0,0,0,0,3673,3,116,0,1,161634
COM13599,0,0,0,0,6.580302029842653,2363.9781167266415,0,0,0,0,1705,3164,0,45,0,1,54404
COM13601,0,4,3,9035,6.659699702669667,17529.751372002705,5,5,0,0,32,7297,-4,73,41,4,162774
COM13604,0,0,0,0,,,0,0,0,0,,0,,,,,0
COM13605,0,6,3,0,6.580302029843094,64341.70165439868,6,0,0,0,32,3068,-3,172,0,2,179386
COM13606,1,0,0,0,0.6981519507186859,22583.49344117647,0,0,0,0,195,3000,-8,4,0,3,197084
COM13607,0,0,2,125800,5.8191795110207085,12394.106396513098,0,0,0,0,1,4044,18,37,0,3,357804
COM13608,1,0,0,0,,,0,0,0,0,,0,,,,,0
COM13610,0,1,3,0,6.161410859412481,102172.30344869844,3,3,0,0,213,24011,-27,71,12,5,801138
COM13613,0,10,0,0,5.8273930633825515,12498.796495756182,0,0,0,0,32,3172,-2,143,0,3,75374
COM13614,0,0,0,0,,,0,0,0,0,,0,,,,,0
COM13617,0,13,2,0,6.580302029844132,240089.23341736288,7,0,0,0,32,2965,4,462,0,3,263031
COM13618,0,3,2,0,1.3592205787833866,17847.20624353168,0,0,0,0,124,34400,1,2,0,1,2427797
COM13623,1,6,0,0,5.002053388090349,109618.33420361248,0,0,0,0,2,2639,1,207,0,1,299790
COM13625,1,3,2,0,4.035592060232717,39787.36641451833,1,0,0,0,14,4370,0,71,0,3,133882
COM13628,0,0,0,0,,,0,0,0,0,,0,,,,,0
COM13631,1,0,0,0,,,0,0,0,0,,0,,,,,0
COM13633,0,4,0,6149,0.6774957327881398,0,0,4,4,0,32,3860,13,1,0,4,200167
COM13634,0,3,3,10219,4.995086424095641,46353.6103966248,3,3,0,0,32,3083,1,218,0,4,74142
COM13635,1,0,0,0,,,0,0,0,0,,0,,,,,0
COM13639,0,0,0,0,,,0,0,0,0,,0,,,,,0
COM13642,0,0,0,0,,,0,0,0,0,,0,,,,,0
COM13644,0,0,0,0,,,0,0,0,0,,0,,,,,0
COM13646,0,13,1,0,6.076537485013316,224256.45252100474,0,0,0,0,944,3042,0,111,0,4,481520
COM13647,0,0,0,0,,,0,0,0,0,,0,,,,,0
COM13650,0,0,0,0,,,0,0,0,0,2272,0,0,4,0,2,335507
COM13651,0,17,1,-4857,16.658330777279257,378005.42777777783,15,15,0,0,32,2821,-15,276,105,9,533676
COM13652,0,0,0,0,,,0,0,0,0,,0,,,,,0
COM13653,0,7,2,0,5.69597622560259,167984.10353244946,7,0,0,0,32,3311,-11,425,0,3,199236
COM13657,0,0,0,0,5.997139812187289,16306.95349160646,0,0,0,0,1309,3674,0,50,23,3,138905
COM13659,0,17,0,0,3.905421810818538,694423.5095137062,17,0,0,0,32,2786,-12,305,0,6,608997
COM13665,0,0,0,0,,,0,0,0,0,,0,,,,,0
COM13669,1,0,0,0,2.086242299794661,113282.88187007875,0,0,0,0,20,3705,0,62,28,5,217311
COM13671,1,0,0,0,1.593429158110883,29872.322693298967,0,0,0,0,6,2915,-1,62,0,3,81094
COM13672,0,0,0,0,,,0,0,0,0,,0,,,,,0
COM13674,0,0,0,0,13.827393063385905,0,0,0,0,0,2115,0,0,4,0,2,320307
COM13676,1,0,0,0,2.220396988364134,86087.67306103576,0,0,0,0,23,3037,1,63,54,5,131674
COM13678,0,1,0,0,4.995086424098068,52149.29190079708,0,0,0,0,32,3036,-9,179,0,2,169111
COM13679,1,0,0,0,3.0061601642710474,51324.60067622951,0,0,0,0,4,2976,0,78,0,2,158308
COM13682,0,4,2,11790,4.581670955241441,142293.2760490308,10,7,0,0,32,2885,-13,157,64,8,192282
COM13688,0,2,0,0,6.0163047676988395,124094.71574784584,2,0,0,0,32,3080,3,139,0,2,451833
COM13690,0,7,2,19503,5.342793474064513,155964.02968690437,7,0,0,0,32,3089,-7,361,0,5,178684
COM13691,0,1,3,0,5.827393063387073,33601.84354651846,1,0,0,0,32,3101,-5,201,0,5,70719
COM13692,0,0,0,0,,,0,0,0,0,,0,,,,,0
COM13694,0,0,0,0,,,0,0,0,0,,0,,,,,0
COM13695,0,0,0,18360,5.994401961402461,212937.13004547317,0,0,0,0,32,3051,-16,295,0,2,453808
COM13696,1,0,0,0,0.32854209445585214,17812.4206875,0,0,0,0,22,0,3,3,0,1,195071
COM13698,0,5,3,0,5.882150079130362,63475.694257566356,5,0,0,0,32,3026,-4,140,0,2,359357
COM13700,0,2,3,-32909,5.706927628754092,97450.7171245507,3,0,0,0,74,5371,1,87,6,3,690351
COM13703,0,3,3,6135,5.895839333066383,35812.54984609359,4,0,0,0,32,3167,-2,138,0,1,191447
COM13706,1,0,0,0,,,0,0,0,0,,0,,,,,0
COM13708,0,0,0,0,5.917742139363701,3742.12655409501,0,0,0,0,1615,3367,0,35,0,1,95109
COM13712,0,15,1,0,5.7151411811160955,432172.3369076323,16,16,1,0,32,3024,-18,216,110,7,523721
COM13714,1,0,0,0,1.325119780971937,96146.41018078511,0,0,0,0,9,3654,-22,67,31,8,92001
COM13720,0,0,0,0,,,0,0,0,0,,0,,,,,0
COM13721,0,10,2,0,5.329104220130878,137658.2366749022,10,0,0,0,32,2902,-6,224,19,5,294371
COM13723,0,0,0,0,,,0,0,0,0,,0,,,,,0
COM13724,0,0,0,0,5.608365000418609,149966.79958191366,0,0,0,0,1362,8100,0,38,0,2,2448576
COM13726,1,0,0,0,1.9055441478439425,0,0,0,0,0,696,0,0,2,0,1,445072
COM13727,0,3,3,5619,5.7124033303299395,37695.62958845938,3,3,0,0,32,3022,-9,135,74,4,79060
COM13728,1,0,0,0,1.0759753593429158,97199.41919847328,0,0,0,0,6,20000,0,8,0,1,1585641
COM13730,0,8,2,21331,5.657646314587639,105204.65877573683,10,0,0,0,32,2833,-1,221,0,2,386952
COM13732,1,20,2,0,25.998631074606433,375319.1777777778,0,0,0,0,273,8450,-23,425,26,3,679652
COM13738,0,0,0,0,5.575510790974007,0,0,0,0,0,,0,,,,,0
COM13744,0,0,3,0,5.413977594533342,67699.96247677327,0,0,0,0,32,3032,-3,191,0,1,233250
COM13752,0,21,1,0,4.581670955245361,424856.3938821197,22,22,0,0,32,2940,-14,171,86,6,464679
COM13759,0,35,0,0,,,0,0,0,0,,0,,,,,0
COM13774,0,3,2,14062,5.712403330331192,127886.57903776593,3,3,0,0,32,3321,-20,128,98,6,212394
COM13798,1,7,0,0,2.833675564681725,255570.4890942029,0,0,0,0,1,2858,1,99,0,3,532015
COM13804,1,0,0,0,0.6078028747433265,29978.370878378377,0,0,0,0,14,4160,5,15,0,1,198853
COM13812,0,6,2,45099,5.2469686965192155,239697.10374569774,6,6,0,0,93,2897,-38,243,164,9,216959
COM13814,1,0,0,0,,,0,0,0,0,,0,,,,,0
COM13818,1,0,0,0,1.2073921971252566,606766.3280782313,0,0,0,0,2,3642,1,83,57,6,371814
COM13820,0,5,2,0,11.8287619887852,115362.87333333335,5,0,0,0,1,2831,0,240,0,4,374554
COM13821,1,3,0,0,2.5817932922655715,84857.66875927891,0,0,0,0,1,2941,1,129,110,4,97996
COM13827,0,3,0,0,5.635743508292712,66728.74296827668,3,0,0,0,32,3122,-3,131,0,2,257929
COM13831,1,1,0,0,0.7501711156741958,68853.57076642335,0,0,0,0,68,24700,-1,5,0,1,1405614
COM13834,0,4,2,25167,4.047790051756433,216531.96405768854,3,5,4,0,32,3011,-7,91,76,5,354589
COM13839,0,0,0,-4857,5.329104220134484,43103.94589997373,0,0,0,0,32,3202,-2,127,0,2,219972
COM13841,0,0,0,10315,5.389336937451809,77087.28454384362,0,0,0,0,1,3285,-2,250,0,3,182793
COM13844,0,0,0,0,,,0,0,0,0,,0,,,,,0
COM13846,0,0,0,0,5.419453296110692,0,0,0,0,0,1951,0,0,5,0,3,541139
COM13846,0,0,0,0,5.419453296110896,0,0,0,0,0,1951,0,0,5,0,3,541139
COM13847,0,0,0,0,,,0,0,0,0,,0,,,,,0
COM13847,0,0,0,0,,,0,0,0,0,,0,,,,,0
COM13849,0,2,3,0,5.542656581532271,18421.512951064477,1,0,0,0,32,3168,-2,131,0,1,99764
COM13851,0,0,0,0,,,0,0,0,0,1754,0,0,3,0,1,296076
COM13851,0,0,0,0,,,0,0,0,0,1754,0,0,3,0,1,296076
COM13852,0,1,0,0,10.161410859424652,193151.18555555554,0,0,0,0,1736,2460,0,47,27,6,1448634
COM13852,0,1,0,0,10.161410859424876,193151.18555555554,0,0,0,0,1736,2460,0,47,27,6,1448634
COM13853,0,0,0,0,,,0,0,0,0,,0,,,,,0
COM13853,0,0,0,0,,,0,0,0,0,,0,,,,,0
COM13855,1,0,0,0,0.6324435318275154,0,0,0,0,0,,0,,,,,0
COM13855,1,0,0,0,0.6324435318275154,0,0,0,0,0,,0,,,,,0
COM13856,0,0,0,0,,,0,0,0,0,162,0,2,0,0,1,446140
COM13856,0,0,0,0,,,0,0,0,0,162,0,2,0,0,1,446140
COM13857,0,10,3,0,5.496113118152866,95522.46991896702,12,0,0,0,32,3083,3,160,0,4,173976
COM13859,0,0,0,0,,,0,0,0,0,1986,0,0,5,0,2,463511
COM13861,0,0,0,0,,,0,0,0,0,63,9900,2,0,0,1,240469
COM13862,0,3,1,-5199,5.501588819727704,110708.82611509724,3,0,0,0,32,2909,14,187,10,8,220624
COM13865,0,5,3,0,5.498850968940762,48641.36007881692,6,0,0,0,32,2907,6,191,0,2,163274
COM13868,1,0,0,0,0.8514715947980835,39665.75069131833,0,0,0,0,9,3560,16,35,6,4,94626
COM13870,1,0,0,0,3.430527036276523,515585.37545291305,0,0,0,0,0,2973,3,0,121,2,1059120
COM13871,1,0,0,0,2.9075975359342916,53089.75815677966,0,0,0,0,0,4248,0,78,0,4,101563
COM13873,0,0,0,0,1.9889262598380328,26903.45091243196,0,0,0,0,63,3220,-4,46,0,1,204160
COM13876,0,1,3,2444,5.400288340604818,20493.31684159754,1,0,0,0,32,3084,-3,183,0,2,80343
COM13877,1,0,0,0,0.648870636550308,49482.898734177215,0,0,0,0,18,3067,20,34,0,1,94435
COM13878,1,0,0,0,2.028747433264887,184426.2000607287,0,0,0,0,16,3295,0,78,44,4,259290
COM13881,0,0,3,0,2.3338954590173397,33928.7004882985,0,0,0,0,32,3172,-3,76,0,1,160133
COM13882,1,0,0,0,1.1991786447638604,0,0,0,0,0,428,0,0,4,0,1,266563
COM13883,0,3,0,7377,5.246968696526206,66721.08988029104,3,4,0,0,32,2948,-20,210,225,6,88659
COM13889,1,0,0,0,0.785763175906913,0,0,0,0,0,,0,,,,,0
COM13891,0,15,2,62736,4.828077526095289,298596.795972729,13,0,0,0,1,2944,4,197,0,4,596745
COM13893,1,1,0,0,2.6885694729637235,45242.64714867617,0,0,0,0,16,3446,-9,59,0,2,125243
COM13894,1,0,0,0,,,0,0,0,0,,0,,,,,0
COM13898,0,2,3,0,5.227803741016984,3534.685102085563,0,0,0,0,1674,3700,0,12,0,2,208448
COM13899,0,0,0,0,,,0,0,0,0,,0,,,,,0
COM13903,0,0,0,0,,,0,0,0,0,,0,,,,,0
COM13904,0,0,0,0,2.544709969627849,0,0,0,0,0,,0,,,,,0
COM13905,1,0,0,0,,,0,0,0,0,,0,,,,,0
COM13906,0,0,0,0,,,0,0,0,0,,0,,,,,0
COM13907,0,0,0,0,,,0,0,0,0,,0,,,,,0
COM13908,1,9,1,0,2.754277891854894,172758.32674950294,0,0,0,0,3,3154,0,176,0,4,147899
COM13910,0,1,0,0,,,0,0,0,0,,0,,,,,0
COM13911,1,0,0,0,0.6406570841889117,0,0,0,0,0,,0,,,,,0
COM13912,0,1,3,0,5.162095322126844,19732.839795378066,1,0,0,0,32,3080,-2,122,0,2,76891
COM13914,0,0,0,0,2.473525849163295,0,0,0,0,0,,0,,,,,0
COM13915,1,0,0,0,,,0,0,0,0,134,2952,-24,60,0,2,57636
COM13916,0,2,3,0,5.121027560320297,20345.67062425317,2,0,0,0,32,3068,-2,121,0,2,121869
COM13918,0,0,0,0,4.995086424112385,107015.88613554099,0,0,0,0,32,2966,2,206,0,2,236982
COM13920,0,5,2,0,4.732252748547874,154947.9579730817,5,5,5,0,63,3138,-15,103,86,8,202022
COM13923,1,0,0,0,4.944558521560575,29480.720950996678,0,0,0,0,103,3036,-20,65,0,2,108783
COM13926,1,4,0,0,6.351813826146475,93327.38273275863,5,0,0,0,9,2990,0,214,0,2,318545
COM13927,0,1,3,0,4.901999497350569,0,0,0,0,0,,0,,,,,0
COM13928,1,11,0,1409339,5.078713210130048,444328.3400013477,11,11,0,0,334,3278,-3,120,88,8,663225
COM13929,0,0,0,0,4.543341044236555,0,0,0,0,0,,0,,,,,0
COM13931,0,0,3,4857,5.022464931984806,34137.30156842396,0,0,0,0,32,3059,-2,193,0,2,110516
COM13934,0,0,0,0,,,0,0,0,0,,0,,,,,0
COM13935,1,2,0,0,3.4962354551676933,75602.80575763507,0,0,0,0,31,3368,-5,70,69,3,191084
COM13940,0,1,0,10644,2.908844124319254,51909.9902045581,2,0,0,0,32,3109,-4,67,0,2,285184
COM13942,1,0,0,0,,,0,0,0,0,,0,,,,,0
COM13943,0,14,1,0,3.6918694494393014,488092.63834441977,14,13,4,0,32,3342,-4,118,71,8,497609
COM13944,0,0,0,0,,,0,0,0,0,,0,,,,,0
COM13945,1,0,0,0,1.103353867214237,32768.51704094293,0,0,0,0,90,3444,-2,24,0,1,274698
COM13946,1,0,0,0,0.9144421629021219,38644.871631736525,0,0,0,0,0,3045,5,59,0,1,84065
COM13948,1,0,0,0,1.0130047912388775,178515.78942567567,0,0,0,0,12,5071,30,43,0,2,457312
COM13950,0,1,3,0,3.5084334467022997,22198.531391041095,1,0,0,0,213,3470,-10,71,0,1,195691
COM13951,0,10,2,39335,4.713087793040621,165135.5977601855,10,9,0,0,32,3390,-9,150,101,6,252755
COM13954,0,0,0,0,,,0,0,0,0,,0,,,,,0
COM13955,1,1,0,0,3.241615331964408,33262.42288429054,0,0,0,0,28,8207,18,24,8,5,255932
COM13956,0,0,0,5625,0.2339639052929247,0,0,0,0,0,8,2750,6,6,0,1,501469
COM13957,1,2,0,0,4.114989733059549,40169.939835329336,2,0,0,0,8,2976,0,103,0,2,128798
COM13959,0,0,0,0,,,0,0,0,0,,0,,,,,0
COM13960,0,0,0,24055,4.732252748551363,150024.99606922493,0,0,0,0,32,2979,-7,207,0,3,402742
COM13961,0,0,0,0,3.713772255738402,0,0,0,0,0,,0,,,,,0
COM13963,1,1,0,0,2.746064339493498,68919.4303564307,0,0,0,0,0,2630,-20,210,0,2,82376
COM13965,0,0,0,0,2.4187688334252004,0,0,0,0,0,,0,,,,,0
COM13968,0,3,0,-11790,4.606311612343876,106251.52208297019,4,4,3,0,32,3186,-9,107,86,7,146549
COM13969,1,0,0,0,0.4490075290896646,0,0,0,0,0,,0,,,,,0
COM13972,1,1,0,0,0.8432580424366872,9792.044172077922,0,0,0,0,6,3940,13,16,0,3,85774
COM13973,0,0,0,0,4.797961167443548,0,0,0,0,0,1720,0,0,1,0,1,7436200
COM13974,0,17,1,6789,4.658330777300001,71009.84790773595,0,5,4,0,1,2947,-2,0,95,4,256369
COM13975,0,0,0,0,4.74320415170127,32157.797792719946,0,0,0,0,63,5700,-1,94,0,1,229887
COM13978,0,1,3,0,4.770582659572765,33619.5935475862,1,0,0,0,244,36750,-4,18,0,2,707869
COM13981,0,0,0,0,0.8116504213799179,0,0,0,0,0,,0,,,,,0
COM13983,0,14,1,344474,0.9731836178208388,58909.97233222341,11,11,0,11,1,4671,39,41,0,5,625135
COM13985,1,6,0,0,6.075290896646133,22342.375420234337,0,0,0,0,0,3248,0,68,0,3,134237
COM13986,1,0,0,0,1.700205338809035,24844.399106280194,0,0,0,0,323,4257,-6,28,0,1,225613
COM13987,1,4,0,3761,5.0513347022587265,85654.80917479676,1,1,1,0,153,2858,-29,150,147,5,153182
COM13990,0,23,0,39709,10.495428655466961,202794.89444444445,24,0,0,24,32,3012,1,104,0,3,1325991
COM13992,0,0,0,9648,4.710349942257051,44451.096535657925,0,0,0,0,32,3016,-2,136,0,2,180753
COM13994,1,4,0,0,2.327173169062286,85620.27211764707,0,0,0,0,0,3038,12,57,0,4,126913
COM13995,0,0,0,0,,,0,0,0,0,,0,,,,,0
COM13996,0,3,3,0,4.658330777302323,36037.103852297485,2,0,0,0,32,3041,-6,183,0,1,101488
COM13998,0,0,0,0,,,0,0,0,0,,0,,,,,0
COM13999,0,13,0,0,2.4187688334287145,0,0,0,0,0,,0,,,,,0
COM14001,1,1,0,0,1.8535249828884326,53590.60218611521,0,0,0,0,43,9014,2,20,14,6,288322
COM14002,0,0,0,0,,,0,0,0,0,,0,,,,,0
COM14004,0,0,0,0,3.65901524,0,0,0,0,0,,0,,,,,0
COM14005,0,5,0,0,3.7438886144012313,290907.6183010797,0,0,0,0,154,3829,0,110,46,6,457288
COM14008,0,0,0,0,0.7404663009175223,0,0,0,0,0,,0,,,,,0
COM14009,0,0,0,0,4.62273871707101,37703.99121982684,0,0,0,0,32,3125,-3,161,0,1,137744
COM14011,0,10,3,0,3.732937211253289,132667.8087450942,6,0,0,0,32,2852,-10,151,66,7,229334
COM14014,0,20,2,32540,4.045052200986568,297529.3371260969,0,20,20,0,32,3045,-7,0,138,4,698163
COM14016,0,0,0,0,2.4735258491729537,0,0,0,0,0,,0,,,,,0
COM14017,1,0,0,29547,3.7453798767967146,61155.05436951755,0,0,0,0,0,3177,15,115,0,2,139449
COM14018,1,0,0,0,3.0116358658453115,52725.823131818186,0,0,0,0,6,3047,0,36,0,3,148403
COM14020,1,0,0,0,0.31485284052019163,157465.97654347826,0,0,0,0,24,4967,49,20,8,6,219653
COM14022,0,2,3,0,4.573457402904017,58277.88618535259,2,2,0,0,32,3220,-6,106,64,4,120443
COM14023,0,11,0,57684,4.162779784834436,360956.1369242001,11,0,0,0,32,2861,-13,98,68,7,454329
COM14024,1,9,2,186060,6.743326488706366,168480.98959805115,7,7,0,0,1157,4139,0,117,46,8,425841
COM14025,0,0,3,1187,4.414662057251058,32971.27800777464,0,0,0,0,32,3025,-1,79,0,2,187552
COM14026,1,1,0,0,0.8295687885010267,52551.03688118812,0,0,0,0,13,3222,1,23,0,1,215037
COM14027,0,7,1,25784,3.743888614404131,231971.58608262107,7,6,2,0,1,3320,0,181,74,8,235901
COM14028,1,2,0,0,3.2854209445585214,24909.060781250002,0,0,0,0,0,4444,2,70,0,1,127516
COM14029,0,11,1,62609,3.527598402221158,295700.12259422615,16,17,0,0,32,3216,25,189,62,6,456643
COM14036,1,1,0,0,3.060917180013689,173050.10192978533,0,0,0,0,17,3215,-15,102,63,5,198206
COM14038,0,12,0,54328,4.275031667108665,41985.94629859064,0,0,0,0,63,29380,3,6,0,2,1508616
COM14039,1,0,0,0,,,0,0,0,0,,0,,,,,0
COM14042,1,0,0,0,0.34223134839151265,0,0,0,0,0,,0,,,,,0
COM14043,0,1,0,0,4.447516266698459,28139.746432654156,0,0,0,0,793,3088,0,86,0,1,175114
COM14045,0,6,0,0,4.387283549381769,487288.12166727707,6,9,6,0,32,2681,-28,170,124,10,373826
COM14046,0,0,0,0,4.162779784837171,35640.23985616675,0,0,0,0,1,3192,0,131,0,1,150593
COM14048,0,2,0,8881,4.414662057253546,65647.74069712072,2,0,0,0,1,3042,0,108,0,3,224285
COM14051,1,0,0,0,3.2580424366872007,34319.037327731094,0,0,0,0,20,3656,-3,89,0,2,139299
COM14054,0,0,0,0,,,0,0,0,0,,0,,,,,0
COM14056,0,0,0,17044,4.285983070258866,33821.03886640969,0,0,0,0,32,3202,-2,126,0,1,144614
COM14060,0,12,0,94883,4.285983070259119,770263.7028382826,14,13,4,0,32,2688,-56,170,86,8,531479
COM14061,0,1,0,2048,3.9957708868233355,15466.592492526961,1,0,0,0,32,3405,8,85,0,2,81240
COM14064,1,0,0,0,1.9603011635865846,80693.2490467877,0,0,0,0,116,17575,4,18,0,2,885156
COM14067,0,0,0,4160,1.5344430291919762,20062.178532760616,0,0,0,0,32,3313,-2,33,0,1,213453
COM14070,0,12,0,0,3.659015240006696,127816.3274332633,12,0,0,0,32,2715,-5,150,0,4,428931
COM14076,0,3,0,16902,4.157304083264982,82060.9878823371,2,0,0,0,32,3236,-2,95,4,4,176570
COM14077,1,8,0,0,2.5571526351813825,73838.95173179872,0,0,0,0,20,3261,0,146,0,1,139527
COM14080,0,4,2,0,4.001246588398833,64594.1669152224,3,0,0,0,1,3019,1,101,0,2,308890
COM14084,0,0,0,0,1.4358804008562438,0,0,0,0,0,,0,,,,,0
COM14086,0,6,3,25324,3.9957708868248916,117134.56883708184,7,0,0,0,32,3152,-2,99,0,1,652714
COM14089,0,8,1,0,2.0737996342583274,0,0,0,0,0,729,0,0,1,0,1,6054840
COM14090,1,2,2,0,3.1238877481177276,193544.31040753724,2,0,0,0,16,2710,-2,77,69,6,238709
COM14093,0,0,3,0,3.9218489155728284,40173.99532510711,0,0,0,0,32,3191,-2,117,0,1,169159
COM14094,0,7,0,11906,3.84792694432043,75685.08295872323,7,6,0,0,1,2835,-6,134,77,5,143686
COM14095,1,2,0,0,3.268993839835729,306389.00807788945,2,0,0,0,0,3059,12,85,70,6,364251
COM14098,0,0,0,5994,3.8287619888108377,57073.56337077209,0,0,0,0,32,3089,-4,141,0,3,144232
COM14100,0,5,3,0,3.834237690385267,61109.161434500296,0,7,6,0,32,3042,-6,0,74,3,244220
COM14102,1,1,0,0,3.1101984941820673,58269.91439260563,1,0,0,0,5,2983,0,73,0,2,263134
COM14107,0,0,0,5070,3.9273246171481007,40108.8999142591,0,0,0,0,32,3028,-5,151,0,2,148437
COM14108,0,5,3,0,3.828761988811506,30434.244891824743,5,0,0,0,1,3043,0,90,0,2,97193
COM14109,0,30,3,6103,3.7466264651977212,42640.450411585975,30,0,0,0,1,2976,-2,92,0,2,120626
COM14110,0,4,2,9045,1.441356102432666,29940.38733881542,4,0,0,4,32,3477,-20,56,5,5,116948
COM14111,0,4,3,0,2.3202062051022416,97901.27252503746,4,4,0,0,32,5970,5,36,22,8,341635
COM14112,0,0,0,0,3.565928313247525,0,0,0,0,0,,0,,,,,0
COM14115,1,2,0,0,2.855578370978782,63974.51803691275,0,0,0,0,16,2934,-4,69,0,2,309000
COM14119,0,1,0,0,3.743888614411387,0,0,0,0,0,1329,0,0,6,0,4,801597
COM14120,0,4,0,0,,,0,0,0,0,,0,,,,,0
COM14123,0,0,0,0,,,0,0,0,0,,0,,,,,0
COM14126,1,1,0,0,0.6652977412731006,22434.64703703704,0,0,0,0,1,4100,15,17,16,2,81348
COM14128,0,1,0,28168,3.850664795110024,156743.78116902563,1,1,1,0,32,3075,-10,121,74,8,156826
COM14132,1,1,3,0,3.030800821355236,37529.52658536586,0,0,0,0,0,3452,6,133,0,2,117769
COM14133,1,5,0,0,1.3032169746748803,53070.510393907556,0,0,0,0,0,3675,22,35,0,3,107116
COM14137,1,0,0,0,1.7440109514031485,20748.722919937205,0,0,0,0,30,4885,0,27,28,6,81252
COM14138,0,10,0,0,3.872567601407731,448510.7346786168,10,10,6,0,32,2881,-14,214,94,9,398807
COM14144,0,0,0,0,,,0,0,0,0,,0,,,,,0
COM14153,0,2,0,0,2.8486114070205812,0,0,0,0,0,,0,,,,,0
COM14156,0,0,0,0,3.836975541175384,0,0,0,0,0,,0,,,,,0
COM14162,1,1,0,0,0.7611225188227242,3839.0008543165463,0,0,0,0,18,3057,8,0,16,1,18262
COM14166,1,0,0,0,3.159479808350445,342673.891169844,0,0,0,0,0,3038,13,203,0,3,469573
COM14167,1,0,0,0,1.5058179329226558,61224.40700454545,0,0,0,0,20,3915,6,39,25,4,165799
COM14175,0,5,3,0,3.8287619888145707,41247.96225552157,3,0,0,0,32,3057,-5,126,0,2,87712
COM14176,0,7,2,55934,3.7411507636265147,185585.73387375788,9,0,0,9,32,2682,-4,113,5,7,573887
COM14182,0,1,0,1128,3.700083001819711,48990.56586321179,1,0,0,0,244,21520,-3,13,0,2,1278672
COM14183,1,0,0,0,1.0431211498973305,1088254.8782677166,0,0,0,0,0,3050,0,61,0,2,2346427
COM14184,0,10,2,34188,3.7438886144141477,191707.87486483707,10,12,0,10,32,2554,-23,174,70,9,265885
COM14185,0,2,0,0,3.6425881352904628,66611.19813389242,2,2,2,0,32,4652,-12,78,38,7,175415
COM14186,0,5,1,53668,3.429035773894339,225700.9990657049,2,2,2,0,32,3383,-10,136,117,7,277521
COM14187,0,0,0,0,3.71103440496912,0,0,0,0,0,1315,0,0,7,0,4,345740
COM14190,0,2,0,20390,2.1395080531554522,91091.23927463802,2,2,2,2,1,3146,-4,78,35,7,128472
COM14191,0,0,3,0,3.5467633577415265,35393.92604978739,0,0,0,0,32,3167,-5,90,0,1,190527
COM14196,0,8,2,68823,3.7301993604795483,254195.90171129463,8,8,0,0,32,2988,-9,111,66,5,572317
COM14204,0,10,0,0,3.590568970335995,141270.3875599222,0,9,8,0,32,3022,-6,0,70,3,515376
COM14206,0,0,3,6023,3.617947478207497,39850.310395172164,0,1,1,0,32,3002,-8,75,53,6,98479
COM14207,0,3,3,0,2.659699702711496,12740.310481463159,0,3,0,0,32,3040,-5,0,48,3,74760
COM14221,1,9,3,39870,3.9014373716632442,140729.62287894738,14,14,0,0,161,2335,-82,187,128,7,158911
COM14223,0,0,3,0,1.2414929949774065,0,0,0,0,0,,0,,,,,0
COM14229,0,0,0,-4261,3.549501208529891,34679.5092516624,0,0,0,0,32,3015,-2,105,0,1,166148
COM14232,0,1,0,0,0.4037106541152749,0,0,0,0,0,,0,,,,,0
COM14233,0,0,3,0,3.5248605514459848,36965.24106366365,0,0,0,0,32,3151,-3,118,0,3,123333
COM14235,0,1,0,10615,3.568666164040276,84112.87472744689,0,0,0,0,32,2900,-12,165,0,1,239864
COM14239,0,3,0,4261,3.519384849872062,32935.880827074965,0,0,0,0,32,3211,-2,99,0,1,161644
COM14240,0,10,3,0,3.4235600723226067,24679.020731387325,0,9,0,0,32,3045,-12,0,71,3,93803
COM14241,0,0,0,0,3.1662020983323544,38428.24185609751,0,0,0,0,32,3126,-2,91,0,2,183827
COM14245,1,1,0,0,1.3880903490759753,33391.94025147929,0,0,0,0,12,3180,-2,60,0,2,95100
COM14246,0,3,3,0,2.646010448777591,36801.29836410337,4,0,0,0,60,7964,-1,29,0,1,612159
COM14247,0,2,0,22360,2.813019346792823,70150.97149082363,2,0,0,0,63,4319,-2,65,0,2,412503
COM14248,0,8,2,40427,3.5221227006602023,144604.90541812422,7,1,0,0,63,5690,-2,48,40,7,422384
COM14255,0,4,0,0,0.26408026397317286,0,0,0,0,0,,0,,,,,0
COM14258,0,3,2,28793,2.750048778689251,154379.13803199847,3,0,0,0,32,3052,-7,167,0,4,178815
COM14259,0,0,0,0,,,0,0,0,0,,0,,,,,0
COM14261,0,2,0,0,,,0,0,0,0,376,0,0,0,0,1,1881750
COM14262,0,0,0,0,,,0,0,0,0,,0,,,,,0
COM14269,1,1,0,0,0.8761122518822724,69265.34798437501,0,0,0,0,0,3511,29,30,0,2,129600
COM14271,0,4,2,2079,2.4105552810854847,10203.134602631637,0,5,0,0,32,3513,-5,2,33,3,175669
COM14272,1,4,0,0,2.628336755646817,12797.998554687501,0,4,0,0,63,7685,4,0,37,5,94402
COM14275,0,6,3,0,3.4153465199632924,69817.03279776168,5,3,0,0,32,3127,-7,97,58,4,150462
COM14278,0,4,3,0,3.2510754727355438,24843.683475621852,1,0,0,0,1,3103,0,81,0,1,149351
COM14285,0,2,3,21031,2.9115819751313374,68050.78877817304,2,2,2,0,1,3232,-4,72,50,6,154090
COM14287,0,1,3,0,3.248337621948764,83541.65779023772,0,0,0,0,32,3569,-6,121,3,5,163478
COM14289,0,0,0,0,,,0,1,1,0,,0,,,,,0
COM14296,0,0,0,0,3.248337621949014,7521.080886087555,0,0,0,0,731,2460,0,4,4,3,203592
COM14308,1,1,0,0,0.26283367556468173,46972.253359375,0,0,0,0,6,6333,11,7,3,3,175237
COM14310,0,1,0,0,,,0,0,0,0,1114,0,0,1,0,1,1015680
COM14314,0,1,0,0,2.8595628101767088,49705.675110250675,5,0,0,0,32,3455,7,63,0,2,203881
COM14316,0,1,3,0,2.698029613736083,33412.68737045726,2,0,0,0,32,3010,-4,67,5,2,270222
COM14320,0,0,0,0,,,0,0,0,0,,0,,,,,0
COM14322,0,3,0,0,2.9937174987465904,72422.91902651936,10,0,0,0,32,2951,-5,115,27,5,176531
COM14323,0,0,0,0,,,0,0,0,0,,0,,,,,0
COM14324,0,1,3,11132,2.780165137350537,52587.31865810208,1,0,0,0,32,3140,-10,78,0,6,126838
COM14327,0,0,0,0,0.6117873139420773,0,0,0,0,0,1,3933,4,1,0,2,1396759
COM14332,0,2,2,0,2.8759899149004964,71521.25914430233,2,3,2,0,1,3290,7,84,1,5,252571
COM14334,1,3,0,0,0.944558521560575,11972.492695652172,0,0,0,0,0,4288,10,0,26,1,56911
COM14344,1,7,3,0,2.3408624229979464,140474.14182456143,7,0,0,0,30,2946,-7,60,0,2,546278
COM14345,1,0,0,0,0.29021218343600275,0,0,0,0,0,78,0,1,1,0,1,3419000
COM14347,0,5,2,8707,2.0737996342714182,85052.46460898625,3,0,0,0,1,3040,-3,71,0,3,134078
COM14348,0,12,1,60604,9.162095322156599,85029.11888888889,13,13,6,0,32,2755,-21,122,42,9,351475
COM14349,0,0,3,0,2.4187688334504047,0,0,0,0,0,,0,,,,,0
COM14350,0,1,3,0,2.4735258491931673,12893.433076675774,1,1,0,0,1,2752,-1,41,12,6,52854
COM14351,0,1,0,0,2.791116540500659,0,0,0,0,0,1005,0,0,4,0,1,469093
COM14352,0,24,1,0,34.82944645152066,155707.96000000002,21,0,0,0,336,33150,-16,48,0,1,2919524
COM14355,0,5,0,0,2.5529235220204924,96688.68176851577,6,3,0,0,32,2809,-5,108,66,6,152754
COM14360,1,1,0,0,1.2457221081451062,98701.84465384614,0,0,0,0,12,3164,-15,29,28,5,113190
COM14361,1,0,3,0,1.51129363449692,45609.779877717396,1,0,0,0,3,4169,16,30,0,5,269879
COM14362,0,6,2,13652,2.7911165405014864,158358.1851872735,7,24,0,1,32,2906,-18,208,80,8,158494
COM14363,0,1,3,0,2.7363595247590404,17596.51448003334,2,0,0,0,1,3328,0,62,0,1,162018
COM14364,0,0,0,0,2.1504594563129324,0,0,0,0,0,,0,,,,,0
COM14365,0,0,0,0,,,0,0,0,0,,0,,,,,0
COM14368,0,0,0,9113,2.506380058640302,34181.815205821644,0,0,0,0,1,3207,1,101,0,1,134603
COM14369,1,1,3,0,0.9500342231348392,12451.119877521613,1,0,0,0,18,4300,2,18,0,2,186068
COM14371,0,24,1,42862,2.7445730771211054,294591.3252373994,27,27,0,0,32,2855,-10,89,54,5,488801
COM14375,1,4,3,0,2.91854893908282,30962.331585365857,2,0,0,0,184,2968,-15,65,0,2,217370
COM14376,0,3,3,-21034,1.660384165417139,36043.47189432758,5,0,0,0,32,2567,0,50,15,5,99729
COM14379,0,1,2,-326,2.6186319409135486,40725.56296811774,2,0,0,0,32,3600,-4,83,0,2,224618
COM14382,0,2,3,3834,2.3941281763692235,23461.55922411103,3,0,0,0,7,3050,2,67,0,3,150801
COM14385,0,0,0,0,2.624107642488491,31577.93859455323,0,0,0,0,63,3592,0,63,0,1,217856
COM14388,0,0,3,0,2.607680537765863,0,0,0,0,0,,0,,,,,0
COM14392,0,0,0,0,0.09707136596585293,0,0,0,0,0,,0,,,,,0
COM14394,0,1,3,0,2.506380058642232,53649.88423696707,1,0,0,0,305,4021,-10,43,0,3,311962
COM14395,0,10,2,9638,1.69871407643849,109110.47513575382,8,0,0,0,1,2745,0,129,0,2,201121
COM14396,0,3,0,8142,2.161410859464034,48809.76216903032,3,0,0,0,1,3258,0,52,0,3,217295
COM14399,0,25,3,8315,1.6795491209289743,32725.90203827903,0,22,0,0,1,3074,-4,0,23,3,320873
COM14400,0,3,3,0,2.2846141448853365,58995.54649162137,13,13,0,0,32,2679,-14,77,28,5,195289
COM14402,1,0,0,0,0.7611225188227242,78285.74050359712,0,0,0,0,76,4060,10,18,0,1,407099
COM14410,1,0,0,0,1.3059548254620124,47493.64893081761,0,0,0,0,23,3523,-3,48,0,1,179325
COM14413,1,1,0,29753,2.0616016427104724,61151.10086653386,1,0,0,0,0,3138,0,50,0,2,271023
COM14414,0,0,3,0,2.4187688334554465,0,0,0,0,0,,0,,,,,0
COM14418,0,3,0,15034,2.262711338589034,39825.53959189138,4,0,0,0,32,3409,-2,49,0,1,340058
COM14420,1,0,0,0,0.459958932238193,31913.653526785714,0,0,0,0,31,3775,17,17,0,1,111363
COM14424,1,1,0,0,0.5448323066392882,59928.439635678384,0,0,0,0,21,3560,6,12,0,3,204068
COM14433,1,1,2,20044,1.1143052703627652,6522.997057739558,1,0,0,0,27,7700,9,7,0,2,260473
COM14434,0,2,3,4689,0.806174719835485,0,0,4,0,0,1,4000,3,0,2,2,159214
COM14436,0,0,0,0,2.320206205119702,0,0,0,0,0,817,0,0,6,0,1,0
COM14437,1,1,3,0,0.7282683093771389,25364.978486842105,1,0,0,0,187,3400,-14,10,0,2,319273
COM14442,0,0,0,0,2.2544977862288325,0,0,0,0,0,788,400,0,2,0,1,1306200
COM14445,0,1,2,0,,,0,0,0,0,805,0,0,5,0,1,223839
COM14446,0,1,3,28553,1.9013150346890957,79722.98500484151,2,2,1,0,20,3095,-10,40,12,8,169295
COM14448,0,1,1,8699,1.8575094220951625,29496.980929549456,1,0,0,0,1,3539,0,44,0,4,88063
COM14449,1,0,0,0,,,0,0,0,0,,0,,,,,0
COM14451,0,2,3,0,2.2627113385909574,19384.09431726832,0,2,2,0,32,2868,-7,0,54,4,79237
COM14452,0,2,0,0,,,0,0,0,0,,0,,,,,0
COM14458,0,3,3,14247,1.0115135288718438,0,1,1,1,0,32,3050,60,16,0,6,89237
COM14460,0,0,0,5980,4.447516266722802,23120.96321477233,1,0,0,0,1,2793,0,88,0,1,233628
COM14461,1,0,3,0,1.0239561943874058,57779.52252673797,0,0,0,0,0,3100,-3,40,0,1,194230
COM14465,0,1,3,0,2.0436832756211403,161465.8562490335,5,0,0,0,32,3017,-3,128,0,4,245951
COM14475,0,3,0,33785,1.671335568571349,138033.59680617508,4,7,7,7,32,3056,-4,86,11,8,199867
COM14480,1,1,3,0,1.108829568788501,41475.68868518519,0,0,0,0,0,3425,3,26,0,1,225381
COM14481,0,3,3,29671,1.5180159244922873,82056.2735806999,3,0,0,0,32,3256,-6,43,0,2,338538
COM14482,0,2,0,5123,1.739781838250152,29588.583389153417,2,0,0,0,14,3625,1,37,0,2,424657
COM14483,1,7,0,0,1.7357973990417521,14354.641857255521,0,0,0,0,57,3000,8,0,6,2,311459
COM14485,1,0,0,-31006,1.8261464750171115,39365.34718515742,0,0,0,0,0,3040,0,83,0,2,133625
COM14489,0,1,3,0,1.9670234535825823,31276.69367030066,0,0,0,0,32,2991,-2,74,0,1,176946
COM14490,0,0,0,0,,,0,0,0,0,162,35400,1,3,0,2,168027
COM14491,0,1,0,0,1.6138407020428296,0,0,0,0,0,,0,,,,,0
COM14493,0,0,0,5448,0.47215692380886376,0,0,0,0,0,32,4433,18,18,0,1,257514
COM14495,0,2,3,5365,1.813703809503758,17514.304063071322,4,0,0,0,32,3120,0,44,0,2,103279
COM14497,0,0,0,0,,,0,0,0,0,,0,,,,,0
COM14498,1,0,0,0,1.1526351813826146,0,0,0,0,0,459,0,0,3,0,1,689414
COM14501,0,0,3,0,1.9013150346923753,147205.2052884969,0,1,0,0,32,3038,-7,124,30,4,248925
COM14504,0,1,1,20304,1.2305415918451879,14601.400000675598,1,1,1,0,1,3308,35,26,8,9,119118
COM14508,0,2,0,0,1.8711986760342707,17206.943555687896,2,0,0,0,32,3279,-3,39,0,2,116583
COM14509,0,5,2,70415,1.8164416602917965,117797.33127549196,8,8,0,0,1,2770,-5,43,24,5,537930
COM14518,0,0,0,2130,,,0,0,0,0,,0,,,,,0
COM14519,0,2,1,27931,1.5371808800046012,58813.41693485551,2,0,0,0,32,3421,-5,30,0,2,321318
COM14520,0,4,3,1562,1.6603841654257516,107631.10954757458,4,0,0,0,55,10680,10,8,0,2,1752056
COM14527,1,56,1,0,,,0,0,0,0,,0,,,,,0
COM14528,0,0,0,0,0.4995354316820132,0,10,0,0,0,141,0,7,6,0,2,984847
COM14532,0,4,3,0,1.572772940237987,92191.38776513874,5,4,0,4,32,3094,-5,34,6,7,218869
COM14533,0,1,3,0,1.5864621941738597,26783.525101350653,1,1,0,0,93,5763,7,17,7,6,224364
COM14534,0,1,1,74349,1.509802372134383,12196.397581471507,2,0,0,0,1,4680,33,30,0,4,132397
COM14535,0,1,2,0,1.178522426891592,9926.115730231937,3,0,0,0,32,4111,7,39,0,3,171984
COM14536,0,0,2,13096,1.326366369396928,67575.48447247736,3,0,0,0,32,3029,-7,30,0,4,191038
COM14541,0,0,0,0,0.15456623250457577,0,0,0,0,0,32,0,1,1,0,1,932363
COM14545,0,2,0,0,,,2,0,0,0,,0,,,,,0
COM14546,0,1,0,0,,,0,0,0,0,,0,,,,,0
COM14550,0,0,0,17267,1.0471055891099894,25879.233462054402,1,0,0,0,1,3686,1,31,0,4,165180
COM14552,0,0,2,13981,1.3236285186105343,0,0,0,0,0,1,3100,18,6,0,3,103793
COM14553,0,1,0,8004,1.4358804008831343,41799.36571533717,1,1,0,0,32,3271,-14,36,14,6,135326
COM14554,0,0,0,0,,,0,0,0,0,162,35300,1,1,0,2,280096
COM14556,0,0,0,11925,1.0498434398978407,0,0,0,0,0,32,5367,35,13,0,5,243412
COM14561,0,5,0,0,1.403026191438053,51778.149576480326,0,0,0,0,93,3042,-15,60,0,2,198754
COM14562,0,1,0,28347,1.35100702648273,36313.85998615037,5,0,0,0,32,3164,-1,38,0,2,386333
COM14563,0,0,0,0,,,0,0,0,0,,0,,,,,0
COM14564,0,0,0,0,2.092964589795843,0,0,0,0,0,,0,,,,,0
COM14568,0,2,2,0,1.2223280394881868,10710.430896668942,0,2,2,0,1,3042,0,0,10,4,91927
COM14571,0,0,0,0,0.1134984707000564,0,0,0,0,0,12,0,1,0,0,1,298984
COM14580,0,0,0,4363,1.1046004556420799,14345.874944247093,0,0,0,0,32,3245,-9,42,0,1,116942
COM14581,0,1,0,9985,0.6063116123842656,0,1,1,1,0,32,2867,27,12,0,5,181364
COM14584,1,0,2,0,0.9691991786447639,0,0,0,0,0,0,5029,7,19,0,1,262139
COM14588,0,0,0,0,0.5022732824736387,0,0,0,0,0,1,3740,15,17,0,1,240588
COM14592,0,2,1,17685,1.0224649320289914,2945.8907642169397,0,2,2,0,32,5800,32,16,0,7,222917
COM14594,0,1,1,11423,0.7322527485932327,0,1,1,1,1,32,7100,45,8,0,8,231817
COM14599,0,2,0,12464,0.6665443297022967,0,2,2,0,0,32,6067,8,11,0,3,227253
COM14600,0,0,0,1247,1.3729098327826008,6008.835979621209,0,3,0,0,32,2455,-1,1,3,4,340489
COM14602,0,1,3,0,0.710349942296854,0,0,0,0,0,154,5150,0,10,0,2,191217
COM14603,0,4,0,0,0.9896107225845311,21510.124652253027,0,4,4,4,32,3010,-3,0,9,4,238420
COM14605,1,1,0,47732,3.2142368240930868,9472.52852427598,0,0,0,0,518,2792,0,41,0,3,121199
COM14606,0,2,3,20821,0.6638064789163118,0,2,2,0,2,32,2667,41,24,0,5,145795
COM14609,0,0,0,0,0.7787962119760914,0,0,0,0,0,,0,,,,,0
COM14611,0,0,3,11547,0.9074751989714712,0,0,0,0,0,1,3763,20,36,0,1,196404
COM14615,0,0,3,0,0.4173999080750564,0,0,0,0,0,32,5300,7,7,0,1,168759
COM14616,0,2,0,0,0.7295148978083346,0,2,0,0,0,32,5180,12,25,0,2,563173
COM14619,0,2,3,6720,1.1292411127298718,12560.302525393914,2,0,0,0,1,2338,4,23,0,3,215637
COM14624,1,2,0,-17752,0.459958932238193,0,3,0,0,0,9,3050,9,6,0,2,539745
COM14625,0,5,0,0,0.7404663009575791,0,5,0,0,0,32,3050,40,15,0,4,238552
COM14627,0,37,0,0,0.3078858765909417,0,6,6,4,6,93,0,4,2,0,2,28291519
COM14628,0,0,3,8719,0.7048742407253213,0,0,0,0,0,1,3257,10,26,0,1,180044
COM14635,0,0,0,0,0.4995354316906038,0,0,0,0,0,1,3075,24,18,0,2,275304
COM14638,0,4,0,0,,,0,0,0,0,,0,,,,,0
COM14640,0,1,0,23479,0.4584676698839487,0,0,0,0,1,32,3050,12,9,0,2,133363
COM14641,0,4,0,0,,,0,0,0,0,,0,,,,,0
COM14643,0,0,3,13972,0.5214382379883135,0,5,0,0,6,63,3300,21,12,0,3,1131694
COM14645,0,0,0,0,,,0,0,0,0,162,0,1,0,0,1,224136
COM14646,0,0,0,0,,,0,0,0,0,162,0,1,0,0,1,448272
COM14647,0,0,0,0,,,0,0,0,0,162,0,1,0,0,1,224136
COM14648,0,0,0,0,,,0,0,0,0,162,0,1,0,0,1,448272
COM14649,0,0,2,0,,,0,0,0,0,162,0,1,0,0,1,448272
COM14650,0,0,0,0,,,0,0,0,0,162,0,1,0,0,1,672408
COM14651,0,0,0,0,,,0,0,0,0,162,0,1,0,0,1,448272
COM14652,0,0,0,0,,,0,0,0,0,162,0,1,0,0,1,224136
COM14653,0,0,0,0,,,0,0,0,0,162,0,1,0,0,1,448272
COM14654,0,0,0,0,,,0,0,0,0,77,8500,2,0,0,1,224178
COM14655,0,0,0,0,,,0,0,0,0,162,0,1,0,0,1,224136
COM14658,1,1,0,-8258,0.24914442162902123,0,0,0,0,0,30,6200,11,6,0,4,294106
COM14659,0,1,0,1338,0.4748947746093778,0,1,0,0,0,32,3067,9,9,0,1,84053
COM14660,0,1,0,0,0.09707136598538228,0,0,0,0,0,,0,,,,,0
COM14663,0,0,3,26161,0.4256134604413707,0,0,0,0,0,,0,,,,,0
COM14670,0,0,0,9385,,,0,0,0,0,32,0,6,6,0,1,305675
COM14673,0,0,0,0,0.28872092108500014,0,0,0,0,0,,0,,,,,0
COM14680,0,2,0,5164,,,0,0,0,0,32,0,3,3,0,1,170012
COM14687,0,0,1,82820,,,1,1,0,0,,0,,,,,0
COM14693,0,0,0,0,0.11349847070888788,0,0,0,0,0,,0,,,,,0
COM14695,0,0,0,0,0.09980921677333827,0,0,0,0,0,12,0,3,3,0,1,722393
